timestamp,wallet,whale_score,category,market,slug,condition_id,market_id,side,phase,whale_entry_price,current_price,discount_pct,size,trade_value_usd,orderbook_depth_ratio,transaction_hash,cluster_trades_count,cluster_window_minutes
2025-12-22T00:09:15.750095,0x507e52ef684ca2dd91f90a9d26d149dd3288beae,0.8546792944041304,us-current-affairs,Jaguars vs. Broncos,nfl-jax-den-2025-12-21,0x1297411bd6fc4c348beb7c40bb539c9c0ead7e52e2dd590dacc4c32cfd518697,0x1297411bd6fc4c348beb7c40bb539c9c0ead7e52e2dd590dacc4c32cfd518697,BUY,,0.62,0.615,-0.008130081300813016,1115,691.3,5.0,0x105a5f182469ddcd0c5b95cd5504c91524877861a475e4c4271770083901db67,1,0
2025-12-22T00:13:16.323015,0x507e52ef684ca2dd91f90a9d26d149dd3288beae,0.8546792944041304,us-current-affairs,Heat vs. Knicks,nba-mia-nyk-2025-12-21,0x33ced39eec0e202f1ac24aed113b53f0857e8285334f06245c5871a90785f0f3,0x33ced39eec0e202f1ac24aed113b53f0857e8285334f06245c5871a90785f0f3,BUY,,0.29,0.32,0.09375000000000008,2248,651.92,5.0,0x1d436b61a631fe2200091fe4a273380e1f5622af26b728dd9445e0397bcfa5bb,1,0
2025-12-22T00:15:17.787614,0x507e52ef684ca2dd91f90a9d26d149dd3288beae,0.8546792944041304,us-current-affairs,Raptors vs. Nets,nba-tor-bkn-2025-12-21,0x92f7b97220f6ba349492478a20bf366da516fd80504dcb632a668748d9c11047,0x92f7b97220f6ba349492478a20bf366da516fd80504dcb632a668748d9c11047,BUY,,0.41,0.41,0.0,2062,845.42,5.0,0x35a708ef4b3ae4f6c77f4b62ba623309be9eac776fa9933b1b4272970231ff13,1,0
2025-12-22T00:19:13.573714,0xfc25f141ed27bb1787338d2c4e7f51e3a15e1f7f,0.9564217172915022,us-current-affairs,Jaguars vs. Broncos: O/U 47.5,nfl-jax-den-2025-12-21-total-47pt5,0x0989edac6200c2d9ab09502ceeaba600c58e5e36f819af347d68cc22051bb08a,0x0989edac6200c2d9ab09502ceeaba600c58e5e36f819af347d68cc22051bb08a,BUY,,0.99,0.995,0.005025125628140708,195,193.05,5.0,0x6f854b686d53a68f6077b4e8f6f346f72590b42ea4df4ac4c3ac422b112af339,1,0
2025-12-22T00:19:14.502406,0xfc25f141ed27bb1787338d2c4e7f51e3a15e1f7f,0.9564217172915022,us-current-affairs,Jaguars vs. Broncos: O/U 46.5,nfl-jax-den-2025-12-21-total-46pt5,0xb24b7cbb332d1db8874428779b29ce7d6c6f1117d61217a92afba1de5ce928f1,0xb24b7cbb332d1db8874428779b29ce7d6c6f1117d61217a92afba1de5ce928f1,BUY,,0.99,0.995,0.005025125628140708,388.96,385.07039999999995,5.0,0x7c6345e1a04d8ac997353685eab5da1ae26243d3f2e4f0746c8c23dfd04467d7,1,0
2025-12-22T00:19:16.100066,0xfc25f141ed27bb1787338d2c4e7f51e3a15e1f7f,0.9564217172915022,us-current-affairs,Jaguars vs. Broncos: O/U 44.5,nfl-jax-den-2025-12-21-total-44pt5,0xe73edf97b5798a3853b4607df627f929a0bc5df07543dc4e83fa5b7ae32b3608,0xe73edf97b5798a3853b4607df627f929a0bc5df07543dc4e83fa5b7ae32b3608,BUY,,0.99,0.995,0.005025125628140708,195,193.05,5.0,0xd778530de9fcbc3a025e899d89e612036c73f6696c26ed3c83882e137418cd17,1,0
2025-12-22T00:27:17.161856,0x507e52ef684ca2dd91f90a9d26d149dd3288beae,0.8546792944041304,us-current-affairs,Raiders vs. Texans,nfl-lv-hou-2025-12-21,0x0e4ccd69c581deb1aad6f587083a4800d458d6a12f3d202418a53e0c40b18c5a,0x0e4ccd69c581deb1aad6f587083a4800d458d6a12f3d202418a53e0c40b18c5a,SELL,,0.31,0.235,0.24193548387096778,848.04,262.8924,5.0,0x04d1018b8d01c62f7bc69fa6000d078d879f499d25dfb42758b82de65f3ea7a1,1,0
2025-12-22T00:27:17.333705,0xfc25f141ed27bb1787338d2c4e7f51e3a15e1f7f,0.9564217172915022,us-current-affairs,Will Trump release the Epstein files by December 19?,will-trump-release-the-epstein-files-by-december-19-771,0xac9c6628a5398bb2a06f566854270a9fbc7f2badec4329d3b5fdc1407291c35b,0xac9c6628a5398bb2a06f566854270a9fbc7f2badec4329d3b5fdc1407291c35b,BUY,,0.997,0.9975,0.0005012531328321362,4851.71,4837.15487,5.0,0x7814d81c05b4f1e3bae961b4ad1466ece4145d89765f2ac813b48e29f0287035,1,0
2025-12-22T00:27:18.184727,0x507e52ef684ca2dd91f90a9d26d149dd3288beae,0.8546792944041304,us-current-affairs,Raiders vs. Texans,nfl-lv-hou-2025-12-21,0x0e4ccd69c581deb1aad6f587083a4800d458d6a12f3d202418a53e0c40b18c5a,0x0e4ccd69c581deb1aad6f587083a4800d458d6a12f3d202418a53e0c40b18c5a,BUY,,0.68,0.765,0.11111111111111106,269.87,183.51160000000002,5.0,0x2c87a8411f85164e00ab16f13b7ce80c1d4c5b3c673823d8d9f86623ba7d8d77,1,0
2025-12-22T00:35:13.344565,0x507e52ef684ca2dd91f90a9d26d149dd3288beae,0.8546792944041304,us-current-affairs,Heat vs. Knicks,nba-mia-nyk-2025-12-21,0x33ced39eec0e202f1ac24aed113b53f0857e8285334f06245c5871a90785f0f3,0x33ced39eec0e202f1ac24aed113b53f0857e8285334f06245c5871a90785f0f3,BUY,,0.58,0.585,0.008547008547008555,1978,1147.24,5.0,0x2caecc2b8d9a2c8090005514eb2d85d3e7e104309c0a1253acc0475d002d53e8,1,0
2025-12-22T00:35:14.031476,0x507e52ef684ca2dd91f90a9d26d149dd3288beae,0.8546792944041304,us-current-affairs,Heat vs. Knicks,nba-mia-nyk-2025-12-21,0x33ced39eec0e202f1ac24aed113b53f0857e8285334f06245c5871a90785f0f3,0x33ced39eec0e202f1ac24aed113b53f0857e8285334f06245c5871a90785f0f3,SELL,,0.42,0.415,0.011904761904761916,2967,1246.1399999999999,5.0,0xe05585d4ac7f1c62660d3c3cb2426a4de548271b2a26e8c820cab901ba5b76cd,1,0
2025-12-22T00:45:14.615167,0xfc25f141ed27bb1787338d2c4e7f51e3a15e1f7f,0.9564217172915022,us-current-affairs,Will Trump release the Epstein files by December 19?,will-trump-release-the-epstein-files-by-december-19-771,0xac9c6628a5398bb2a06f566854270a9fbc7f2badec4329d3b5fdc1407291c35b,0xac9c6628a5398bb2a06f566854270a9fbc7f2badec4329d3b5fdc1407291c35b,SELL,,0.997,0.9975,-0.000501504513540678,5000,4985.0,5.0,0x1f5689b5310f0f6100a1a1348d1fc46d3a60f32f7894fa7ecc58068738460120,1,0
2025-12-22T01:05:16.542663,0xfc25f141ed27bb1787338d2c4e7f51e3a15e1f7f,0.9564217172915022,us-current-affairs,Raptors vs. Nets: 1H Moneyline,nba-tor-bkn-2025-12-21-1h-moneyline,0x0ffffc18501f37a25f07d3bd5c60cb1f28b0772dac87400d595a2d5ce87930cf,0x0ffffc18501f37a25f07d3bd5c60cb1f28b0772dac87400d595a2d5ce87930cf,BUY,,0.98,0.995,0.015075376884422124,500,490.0,5.0,0xdbdad4bf1dd17d885d08788fa427fb7c631010c3bd2d25496eeab2c1e5712426,1,0
2025-12-22T01:19:18.271659,0xfc25f141ed27bb1787338d2c4e7f51e3a15e1f7f,0.9564217172915022,us-current-affairs,Spread: Broncos (-3.5),nfl-jax-den-2025-12-21-spread-home-3pt5,0xe58ab3588dc5bd9176230e5b5481bfbbb21398e2cd324c01144e12160b811ca6,0xe58ab3588dc5bd9176230e5b5481bfbbb21398e2cd324c01144e12160b811ca6,BUY,,0.999,0.9995,0.0005002501250625872,514.99,514.47501,5.0,0x11b739971ef922a395e99b29bdf9b0995b9e035ff8a64e54654e7f8aef8f372c,1,0
2025-12-22T01:23:16.786293,0xfc25f141ed27bb1787338d2c4e7f51e3a15e1f7f,0.9564217172915022,us-current-affairs,Steelers vs. Lions: O/U 51.5,nfl-pit-det-2025-12-21-total-51pt5,0xd2d8bfbe29e13b13c9beb1c9f51691c6754c73730bfaa7127365356b1d28c1f0,0xd2d8bfbe29e13b13c9beb1c9f51691c6754c73730bfaa7127365356b1d28c1f0,BUY,,0.99,0.995,0.005025125628140708,200,198.0,5.0,0x9fd1afc7526c05d63c505cd9709278ed9786b6b87d05d12a0498b127345c60d9,1,0
2025-12-22T01:23:18.330598,0xfc25f141ed27bb1787338d2c4e7f51e3a15e1f7f,0.9564217172915022,us-current-affairs,Steelers vs. Lions: O/U 50.5,nfl-pit-det-2025-12-21-total-50pt5,0x81191be936bcbcb6d10be9c9c129d311fda61ac8816c6ad19117c344e3201d5d,0x81191be936bcbcb6d10be9c9c129d311fda61ac8816c6ad19117c344e3201d5d,BUY,,0.99,0.995,0.005025125628140708,200,198.0,5.0,0xedbf1cd23f4c057416ae54d03ab0acf4288f2d6037c50561a609a8be1a478a74,1,0
2025-12-22T01:39:16.136348,0x507e52ef684ca2dd91f90a9d26d149dd3288beae,0.8546792944041304,us-current-affairs,Steelers vs. Lions,nfl-pit-det-2025-12-21,0x913b67f7c8b370247f1370cde82e3fd661a5449f2573ba271bce95d47c442784,0x913b67f7c8b370247f1370cde82e3fd661a5449f2573ba271bce95d47c442784,SELL,,0.76,0.685,0.09868421052631574,660.68,502.11679999999996,5.0,0x0c8b0546c45dd1ecab78d797d5bee10bbddcaebb6c9ab9acea2fda3646ea4a49,1,0
2025-12-22T01:39:16.867325,0x507e52ef684ca2dd91f90a9d26d149dd3288beae,0.8546792944041304,us-current-affairs,Steelers vs. Lions,nfl-pit-det-2025-12-21,0x913b67f7c8b370247f1370cde82e3fd661a5449f2573ba271bce95d47c442784,0x913b67f7c8b370247f1370cde82e3fd661a5449f2573ba271bce95d47c442784,BUY,,0.24,0.31,0.22580645161290325,2356,565.4399999999999,5.0,0xf998b87db6c3dcbb3deadec56e26719e32ec9e8e2e186d0bcd5a676c897ee760,1,0
2025-12-22T01:41:19.249065,0x507e52ef684ca2dd91f90a9d26d149dd3288beae,0.8546792944041304,us-current-affairs,Heat vs. Knicks,nba-mia-nyk-2025-12-21,0x33ced39eec0e202f1ac24aed113b53f0857e8285334f06245c5871a90785f0f3,0x33ced39eec0e202f1ac24aed113b53f0857e8285334f06245c5871a90785f0f3,SELL,,0.71,0.715,-0.007042253521126767,1000,710.0,5.0,0x4b8785681b43424d904303ac348aa136df06d6b87208f0ab670a498cc8203b13,1,0
2025-12-22T01:47:14.224817,0x507e52ef684ca2dd91f90a9d26d149dd3288beae,0.8546792944041304,us-current-affairs,Steelers vs. Lions,nfl-pit-det-2025-12-21,0x913b67f7c8b370247f1370cde82e3fd661a5449f2573ba271bce95d47c442784,0x913b67f7c8b370247f1370cde82e3fd661a5449f2573ba271bce95d47c442784,BUY,,0.49,0.575,0.1478260869565217,2004,981.96,5.0,0x7f2e288c3999c6cde8566786ddec8ae99c9cc9e2c3db190d89755db2cadcabfa,1,0
2025-12-22T01:47:14.750137,0x507e52ef684ca2dd91f90a9d26d149dd3288beae,0.8546792944041304,us-current-affairs,Steelers vs. Lions,nfl-pit-det-2025-12-21,0x913b67f7c8b370247f1370cde82e3fd661a5449f2573ba271bce95d47c442784,0x913b67f7c8b370247f1370cde82e3fd661a5449f2573ba271bce95d47c442784,SELL,,0.51,0.425,0.1666666666666667,3006,1533.06,5.0,0x134ee6b17c626cd950859ff7c87c5cdfc38aa7d510a20a236d1397985a5479cd,1,0
2025-12-22T01:49:17.739537,0x507e52ef684ca2dd91f90a9d26d149dd3288beae,0.8546792944041304,us-current-affairs,Bucks vs. Timberwolves,nba-mil-min-2025-12-21,0xf8d7c5239870557ee6c40bc0b9ad9d906432e9978ee59c6eb0ee0f73c587d255,0xf8d7c5239870557ee6c40bc0b9ad9d906432e9978ee59c6eb0ee0f73c587d255,BUY,,0.45,0.45,0.0,2030,913.5,5.0,0xddb79c41070092dd686cd85ace450ddfb909d3c96906e0d7b5b3cc5bf828ebde,1,0
2025-12-22T01:49:18.219912,0x507e52ef684ca2dd91f90a9d26d149dd3288beae,0.8546792944041304,us-current-affairs,Bucks vs. Timberwolves,nba-mil-min-2025-12-21,0xf8d7c5239870557ee6c40bc0b9ad9d906432e9978ee59c6eb0ee0f73c587d255,0xf8d7c5239870557ee6c40bc0b9ad9d906432e9978ee59c6eb0ee0f73c587d255,SELL,,0.5535800328407225,0.55,0.0064670555806563175,3045,1685.6512000000002,5.0,0x6dcf43b410b81abbb06fa65be78380da0d67ab7a7a0982b3de3ef167e2f1af30,1,0
2025-12-22T01:55:15.613796,0x507e52ef684ca2dd91f90a9d26d149dd3288beae,0.8546792944041304,us-current-affairs,Spurs vs. Wizards,nba-sas-was-2025-12-21,0x70eac4e2b255c1ea7a8f4924b9b7c86ce24f38ce948a9f9f6343c141d9cbb2f6,0x70eac4e2b255c1ea7a8f4924b9b7c86ce24f38ce948a9f9f6343c141d9cbb2f6,BUY,,0.92,0.94,0.021276595744680753,2824,2598.08,5.0,0x095d76def49b7c93a911fc3b90da4a22920fb9966a4a7ca079290a4c7144635a,1,0
2025-12-22T01:57:15.060596,0x507e52ef684ca2dd91f90a9d26d149dd3288beae,0.8546792944041304,us-current-affairs,Raptors vs. Nets,nba-tor-bkn-2025-12-21,0x92f7b97220f6ba349492478a20bf366da516fd80504dcb632a668748d9c11047,0x92f7b97220f6ba349492478a20bf366da516fd80504dcb632a668748d9c11047,BUY,,0.63,0.635,0.007874015748031503,255.27,160.8201,5.0,0xe0925e533db8a33a61b7723a6c23a65228d88b5cc271c78611981bb2b74e26ca,1,0
2025-12-22T01:57:15.971759,0x507e52ef684ca2dd91f90a9d26d149dd3288beae,0.8546792944041304,us-current-affairs,Raptors vs. Nets,nba-tor-bkn-2025-12-21,0x92f7b97220f6ba349492478a20bf366da516fd80504dcb632a668748d9c11047,0x92f7b97220f6ba349492478a20bf366da516fd80504dcb632a668748d9c11047,SELL,,0.37181971072990244,0.365,0.018341444880678823,2973,1105.42,5.0,0x2bab41f7491e79dade34b3f383e5a3f79ecfbaf1d8a5a306093efc0b11329047,1,0
2025-12-22T02:03:15.043614,0x507e52ef684ca2dd91f90a9d26d149dd3288beae,0.8546792944041304,us-current-affairs,Raptors vs. Nets,nba-tor-bkn-2025-12-21,0x92f7b97220f6ba349492478a20bf366da516fd80504dcb632a668748d9c11047,0x92f7b97220f6ba349492478a20bf366da516fd80504dcb632a668748d9c11047,SELL,,0.5,0.415,0.17000000000000004,3000,1500.0,5.0,0xacafa6bf3abf6e1000dbae30603afd3d1d268fa72ec8bd3b11fbbe369793bf5c,1,0
2025-12-22T02:13:22.078403,0xfc25f141ed27bb1787338d2c4e7f51e3a15e1f7f,0.9564217172915022,us-current-affairs,1H Spread: Spurs (-9.5),nba-sas-was-2025-12-21-1h-spread-away-9pt5,0x8183b9c32986f6a726fa8500239c3ef605c04214f31b22f5e0db29271a46e2a5,0x8183b9c32986f6a726fa8500239c3ef605c04214f31b22f5e0db29271a46e2a5,BUY,,0.99,0.995,0.005025125628140708,200,198.0,5.0,0xa003652004752860974f48c71e410e876624103f5c13bdef36f7b553d77b3878,1,0
2025-12-22T02:23:18.484951,0xfc25f141ed27bb1787338d2c4e7f51e3a15e1f7f,0.9564217172915022,us-current-affairs,Raptors vs. Nets: O/U 224.5,nba-tor-bkn-2025-12-21-total-224pt5,0xcbf10bc06cbcb828f4f381dcc99b3e6b3d0a649227c0a4bcbb9922dd8f246e6a,0xcbf10bc06cbcb828f4f381dcc99b3e6b3d0a649227c0a4bcbb9922dd8f246e6a,BUY,,0.999,0.9995,0.0005002501250625872,464.99,464.52501,5.0,0xa2d62fe0aae3ae7e3ce4e614bac14ec10182fd49d2dd6b2679d31cf5c67fd389,1,0
2025-12-22T02:25:15.544634,0x507e52ef684ca2dd91f90a9d26d149dd3288beae,0.8546792944041304,us-current-affairs,Avalanche vs. Wild: O/U 5.5,nhl-col-min-2025-12-21-total-5pt5,0x450b960d66e2b114a898d595881656b0acde0bb7c0361b16b47b859ca5908b99,0x450b960d66e2b114a898d595881656b0acde0bb7c0361b16b47b859ca5908b99,SELL,,0.48,0.435,0.09374999999999997,337.99,162.2352,5.0,0x1974094f3d98f7b2301bfc5151a0e508d39cab46656a15ba3a3f6d2042c4ac6f,1,0
2025-12-22T02:27:15.193546,0x507e52ef684ca2dd91f90a9d26d149dd3288beae,0.8546792944041304,us-current-affairs,Patriots vs. Ravens,nfl-ne-bal-2025-12-21,0x780408b161c548a5c66166ceda66e0d287ef60c2725c36acaeb0cb2bee1b3720,0x780408b161c548a5c66166ceda66e0d287ef60c2725c36acaeb0cb2bee1b3720,BUY,,0.73,0.735,0.00680272108843538,987.17,720.6341,5.0,0xafce8b914f7314b0889312fcaaad4bf050939a91cf379cfdf8519c4acc36be33,1,0
2025-12-22T02:35:14.578682,0x507e52ef684ca2dd91f90a9d26d149dd3288beae,0.8546792944041304,us-current-affairs,Bucks vs. Timberwolves,nba-mil-min-2025-12-21,0xf8d7c5239870557ee6c40bc0b9ad9d906432e9978ee59c6eb0ee0f73c587d255,0xf8d7c5239870557ee6c40bc0b9ad9d906432e9978ee59c6eb0ee0f73c587d255,BUY,,0.4,0.445,0.10112359550561795,936,374.40000000000003,5.0,0xe5da0c0f893744e3b875b25d9cfcd9c9cef900381ea5aeddb07a27645b4375d0,1,0
2025-12-22T02:35:18.040004,0x507e52ef684ca2dd91f90a9d26d149dd3288beae,0.8546792944041304,us-current-affairs,Spread: Ravens (-3.5),nfl-ne-bal-2025-12-21-spread-home-3pt5,0x53a21ee0dd4ccda4d628ef4fdac657bd33d9cf3fccb49ad846f344ab156a319e,0x53a21ee0dd4ccda4d628ef4fdac657bd33d9cf3fccb49ad846f344ab156a319e,BUY,,0.52,0.54,0.03703703703703707,498,258.96000000000004,5.0,0xaf47498458643b20f14659cc74abffcbfc5922340417a1b004c88714e33cc0aa,1,0
2025-12-22T02:37:17.263376,0x507e52ef684ca2dd91f90a9d26d149dd3288beae,0.8546792944041304,us-current-affairs,Norfolk State Spartans vs. UTEP Miners,cbb-norfst-utep-2025-12-21,0xd0496afeb6a897e5cc03bf137686d6a6b0ea5407fa2defe26df2b77c2d7b9227,0xd0496afeb6a897e5cc03bf137686d6a6b0ea5407fa2defe26df2b77c2d7b9227,BUY,,0.78,0.795,0.018867924528301903,295,230.1,5.0,0x6e0d75ed3b1a1887f618dc66988b001f589038da578b5bba926005ea026c4cdd,1,0
2025-12-22T03:03:16.709359,0x507e52ef684ca2dd91f90a9d26d149dd3288beae,0.8546792944041304,us-current-affairs,Idaho Vandals vs. Cal Poly Mustangs,cbb-idaho-calpol-2025-12-21,0x3cecf352931cbd5945c2a44cb7aabfb9a59e22f5e8b2fb7d2e9b996f020931c2,0x3cecf352931cbd5945c2a44cb7aabfb9a59e22f5e8b2fb7d2e9b996f020931c2,BUY,,0.8794428044280442,0.9395,0.06392463605317272,460.7,405.1593,5.0,0x681453de19fbfc6d2b07a76f9b575deea2b2a3af64eb38a4a3dbdcc25a21e786,1,0
2025-12-22T03:17:14.653492,0x507e52ef684ca2dd91f90a9d26d149dd3288beae,0.8546792944041304,us-current-affairs,Idaho Vandals vs. Cal Poly Mustangs,cbb-idaho-calpol-2025-12-21,0x3cecf352931cbd5945c2a44cb7aabfb9a59e22f5e8b2fb7d2e9b996f020931c2,0x3cecf352931cbd5945c2a44cb7aabfb9a59e22f5e8b2fb7d2e9b996f020931c2,SELL,,0.5138356164383562,0.431,0.16121034390829117,730,375.1,5.0,0x74cc02ce7314a2b4ccbf164afc2cd596369738808beb3844b67540f083bc51b6,1,0
2025-12-22T03:19:14.217108,0x507e52ef684ca2dd91f90a9d26d149dd3288beae,0.8546792944041304,us-current-affairs,Idaho Vandals vs. Cal Poly Mustangs,cbb-idaho-calpol-2025-12-21,0x3cecf352931cbd5945c2a44cb7aabfb9a59e22f5e8b2fb7d2e9b996f020931c2,0x3cecf352931cbd5945c2a44cb7aabfb9a59e22f5e8b2fb7d2e9b996f020931c2,BUY,,0.5565326592517694,0.6555,0.15097992486381473,494.5,275.2054,5.0,0xdc0f281b07ecbb1b4fa9e91b55af3a6f298660b9de95cbc38fcf18b3ff1e5edf,1,0
2025-12-22T03:55:19.798525,0xfc25f141ed27bb1787338d2c4e7f51e3a15e1f7f,0.9564217172915022,us-current-affairs,Spread: Canadiens (-1.5),nhl-mon-pit-2025-12-21-spread-away-1pt5,0x615613999c74ae493190cb36c80b5fe3048eff33c3853fb932389e33a06b1e43,0x615613999c74ae493190cb36c80b5fe3048eff33c3853fb932389e33a06b1e43,BUY,,0.999,0.9995,0.0005002501250625872,514.99,514.47501,5.0,0x4b0ffa63ab75062477d59ba8bf55ac19fe7a3d8c1a6ea429396fedbac08f9d52,1,0
2025-12-22T04:27:15.699938,0x507e52ef684ca2dd91f90a9d26d149dd3288beae,0.8546792944041304,us-current-affairs,Patriots vs. Ravens,nfl-ne-bal-2025-12-21,0x780408b161c548a5c66166ceda66e0d287ef60c2725c36acaeb0cb2bee1b3720,0x780408b161c548a5c66166ceda66e0d287ef60c2725c36acaeb0cb2bee1b3720,SELL,,0.43,0.425,0.011627906976744196,1187.48,510.6164,5.0,0xb9e82653ade2e6b72fc8b00138cff3e49683e8ed52d8b4b2fc7a2f7466a3833c,1,0
2025-12-22T04:41:17.856621,0x507e52ef684ca2dd91f90a9d26d149dd3288beae,0.8546792944041304,us-current-affairs,Spread: Rockets (-12.5),nba-hou-sac-2025-12-21-spread-away-12pt5,0x2076520b2e1f2056c0379051b8ad6759eba1690abda09ce768358881ecf6dff7,0x2076520b2e1f2056c0379051b8ad6759eba1690abda09ce768358881ecf6dff7,BUY,,0.49,0.505,0.02970297029702973,501,245.49,5.0,0xb095fad1e3c25f7b0c6cd512f489c45a35e92a3ea13ea069d6b95178d8507c8b,1,0
2025-12-22T05:05:17.144838,0x507e52ef684ca2dd91f90a9d26d149dd3288beae,0.8546792944041304,us-current-affairs,Rockets vs. Kings,nba-hou-sac-2025-12-21,0x350af0373772d85da17b89c11d4dc206af9ad8e65ca709d963d96572489cd91f,0x350af0373772d85da17b89c11d4dc206af9ad8e65ca709d963d96572489cd91f,BUY,,0.89,0.905,0.01657458563535913,1208.78,1075.8142,5.0,0x6a6c10c0188ddbfbf1484048f22156f4781480a99c2154602a7d608518ac7506,1,0
2025-12-22T05:17:17.749160,0x507e52ef684ca2dd91f90a9d26d149dd3288beae,0.8546792944041304,us-current-affairs,Patriots vs. Ravens,nfl-ne-bal-2025-12-21,0x780408b161c548a5c66166ceda66e0d287ef60c2725c36acaeb0cb2bee1b3720,0x780408b161c548a5c66166ceda66e0d287ef60c2725c36acaeb0cb2bee1b3720,BUY,,0.72,0.725,0.006896551724137937,325.93,234.6696,5.0,0x7065ddaa10c35b131c370370a8cb829a673f96870e5ae69a42e0df1aa423d5cf,1,0
2025-12-22T06:09:19.342077,0x507e52ef684ca2dd91f90a9d26d149dd3288beae,0.8546792944041304,us-current-affairs,Rockets vs. Kings,nba-hou-sac-2025-12-21,0x350af0373772d85da17b89c11d4dc206af9ad8e65ca709d963d96572489cd91f,0x350af0373772d85da17b89c11d4dc206af9ad8e65ca709d963d96572489cd91f,BUY,,0.19,0.23,0.1739130434782609,2560,486.4,5.0,0xdaa5b30bf517bec9cb1e86ae50fd88151075047c91eb23ca002176f15db8734d,1,0
2025-12-22T06:09:19.982889,0x507e52ef684ca2dd91f90a9d26d149dd3288beae,0.8546792944041304,us-current-affairs,Rockets vs. Kings,nba-hou-sac-2025-12-21,0x350af0373772d85da17b89c11d4dc206af9ad8e65ca709d963d96572489cd91f,0x350af0373772d85da17b89c11d4dc206af9ad8e65ca709d963d96572489cd91f,SELL,,0.81,0.77,0.049382716049382755,3765,3049.65,5.0,0xde9c5481d2262eee8be7954e1f5f6869f581cc4467f86e4a623f53c1bb5ef53e,1,0
2025-12-22T06:27:20.579798,0xfc25f141ed27bb1787338d2c4e7f51e3a15e1f7f,0.9564217172915022,us-current-affairs,Rockets vs. Kings: O/U 226.5,nba-hou-sac-2025-12-21-total-226pt5,0xb460a6685f655830ff0d0817961e2c566796f7bd480a7c7073fb6dd2d1f31f23,0xb460a6685f655830ff0d0817961e2c566796f7bd480a7c7073fb6dd2d1f31f23,BUY,,0.9561971830985916,0.995,0.03899780593106373,355,339.45,5.0,0xf0d3978a5921f0a93f5af241ab5bfe198ba926f0d50837bb6c78b112fd21e08f,1,0
2025-12-22T07:55:25.276959,0x507e52ef684ca2dd91f90a9d26d149dd3288beae,0.8546792944041304,us-current-affairs,Texans vs. Chargers: O/U 39.5,nfl-hou-lac-2025-12-27-total-39pt5,0x6bf0992b8ad9180dbb63c6c1f3534ee9899638b70bc758036df9476d99999f5a,0x6bf0992b8ad9180dbb63c6c1f3534ee9899638b70bc758036df9476d99999f5a,BUY,,0.47,0.495,0.05050505050505055,361,169.67,5.0,0xe630c5e505ac46f99de3fb961598e84a2fb7be4fae47ba95bfce74843e720207,1,0
2025-12-22T08:23:18.214143,0x507e52ef684ca2dd91f90a9d26d149dd3288beae,0.8546792944041304,us-current-affairs,LoL: Oh My God vs JD Gaming - Game 1 Winner,lol-omg-jdg-2025-12-22-game1,0xbbb628aa6f684ced902c52b2f0ff2ffc8719869d0ee4b00ec972cc7c0b22ef67,0xbbb628aa6f684ced902c52b2f0ff2ffc8719869d0ee4b00ec972cc7c0b22ef67,BUY,,0.54,0.56,0.03571428571428574,496.5,268.11,5.0,0xed04bbcad48d483a520796ba22f593232cc2155b7e0f5dad21c203f4734fc25b,1,0
2025-12-22T08:29:17.004850,0x507e52ef684ca2dd91f90a9d26d149dd3288beae,0.8546792944041304,us-current-affairs,LoL: Oh My God vs JD Gaming - Game 1 Winner,lol-omg-jdg-2025-12-22-game1,0xbbb628aa6f684ced902c52b2f0ff2ffc8719869d0ee4b00ec972cc7c0b22ef67,0xbbb628aa6f684ced902c52b2f0ff2ffc8719869d0ee4b00ec972cc7c0b22ef67,SELL,,0.51,0.515,-0.00980392156862746,314.99,160.6449,5.0,0xb23a3e2cf9b1694cb17e9caed0dc37911e02c14c507c65994e552fe9d93abb74,1,0
2025-12-22T08:33:20.925523,0x507e52ef684ca2dd91f90a9d26d149dd3288beae,0.8546792944041304,us-current-affairs,LoL: Oh My God vs JD Gaming (BO3),lol-omg-jdg-2025-12-22,0xab29bfbc82f4c4b9e5985b03a0d22046fee0118c1528f00ca80f3838b95cf54a,0xab29bfbc82f4c4b9e5985b03a0d22046fee0118c1528f00ca80f3838b95cf54a,BUY,,0.6,0.69,0.13043478260869562,494.5,296.7,5.0,0x2d7e238d2c8d4d45a5f0054ca7aca2291eea524770a4ae06cef9167ca2dbd0d2,1,0
2025-12-22T09:21:25.093485,0x507e52ef684ca2dd91f90a9d26d149dd3288beae,0.8546792944041304,us-current-affairs,Will En Avant Guingamp win on 2026-01-03?,fr2-gui-usb-2026-01-03-gui,0xd80defd468ed3bcaa1356fe9f9c99fb1a1f33076c4d3492bf2dfa28690d2fe1f,0xd80defd468ed3bcaa1356fe9f9c99fb1a1f33076c4d3492bf2dfa28690d2fe1f,BUY,,0.52,0.53,0.018867924528301903,443,230.36,5.0,0x473d75830f6bae23aab20e47d555d57a6b2c37289fe324f229bd1fd122e8798d,1,0
2025-12-22T09:35:20.172606,0xfc25f141ed27bb1787338d2c4e7f51e3a15e1f7f,0.9564217172915022,us-current-affairs,Games Total: O/U 2.5,lol-omg-jdg-2025-12-22-total-games-2pt5,0x113c17bbbf6547167eb7edfd63d2f5f0a35706a3f57fc872f44e492915dd6ca2,0x113c17bbbf6547167eb7edfd63d2f5f0a35706a3f57fc872f44e492915dd6ca2,BUY,,0.9891573033707866,0.995,0.0058720569137823515,178,176.07,5.0,0xb4df8d764cb4550141bccc3cb31fc6fadd91ab591a25cb626d26bdd0183d248c,1,0
2025-12-22T10:33:19.395640,0x507e52ef684ca2dd91f90a9d26d149dd3288beae,0.826237432647206,us-current-affairs,LoL: LGD Gaming vs Invictus Gaming - Game 2 Winner,lol-lgd-ig1-2025-12-22-game2,0xc9d7f8f8a8c859719ed03551927732fee44591d6909f03665ff4889b798d230b,0xc9d7f8f8a8c859719ed03551927732fee44591d6909f03665ff4889b798d230b,BUY,,0.5,0.5,0.0,500,250.0,5.0,0xdb6fde92d0289a22c46d74eaab5524bac9116369387cf9957d67998ad83d443c,1,0
2025-12-22T10:51:23.493437,0x507e52ef684ca2dd91f90a9d26d149dd3288beae,0.826237432647206,us-current-affairs,LoL: LGD Gaming vs Invictus Gaming (BO3),lol-lgd-ig1-2025-12-22,0xa14f019006a8aa63ece6424b7d9991e180dc1469f6aac55c0fc848c27bd61d78,0xa14f019006a8aa63ece6424b7d9991e180dc1469f6aac55c0fc848c27bd61d78,SELL,,0.28,0.115,0.5892857142857143,639.03,178.9284,5.0,0xbbe1a9eaf87c49435db57fcd99980fa377d702b0bb82312f52dfc2471710f882,1,0
2025-12-22T10:51:25.362923,0x507e52ef684ca2dd91f90a9d26d149dd3288beae,0.826237432647206,us-current-affairs,LoL: LGD Gaming vs Invictus Gaming (BO3),lol-lgd-ig1-2025-12-22,0xa14f019006a8aa63ece6424b7d9991e180dc1469f6aac55c0fc848c27bd61d78,0xa14f019006a8aa63ece6424b7d9991e180dc1469f6aac55c0fc848c27bd61d78,BUY,,0.72,0.89,0.19101123595505623,506,364.32,5.0,0xdd77443e7f4698d1a31669c50a5d82f8ae55409b1d7ee9f368d50b45408bbd17,1,0
2025-12-22T10:53:16.220160,0x507e52ef684ca2dd91f90a9d26d149dd3288beae,0.826237432647206,us-current-affairs,LoL: LGD Gaming vs Invictus Gaming (BO3),lol-lgd-ig1-2025-12-22,0xa14f019006a8aa63ece6424b7d9991e180dc1469f6aac55c0fc848c27bd61d78,0xa14f019006a8aa63ece6424b7d9991e180dc1469f6aac55c0fc848c27bd61d78,SELL,,0.97,0.82,0.154639175257732,966.08,937.0976,5.0,0xc3f4256d51af5023c76b738edf7c0b2bdc4101394c5385b3930a35ae8f5db6b3,1,0
2025-12-22T12:43:16.165059,0x507e52ef684ca2dd91f90a9d26d149dd3288beae,0.826237432647206,us-current-affairs,LoL: Bilibili Gaming vs LNG Esports - Game 2 Winner,lol-blg-lng-2025-12-22-game2,0x6015ddbfd675efa3a25b588c5b558793689fb3ff2858e48738c8dbbe65586054,0x6015ddbfd675efa3a25b588c5b558793689fb3ff2858e48738c8dbbe65586054,BUY,,0.64,0.645,0.007751937984496131,496,317.44,5.0,0xebb310370cce46ce9dabebed3e3b2e1bb96308ff582411f070ab8f3066f54757,1,0
2025-12-22T13:23:16.348420,0x507e52ef684ca2dd91f90a9d26d149dd3288beae,0.826237432647206,us-current-affairs,Counter-Strike: MANA eSports vs megoshort (BO3),cs2-mana-meg1-2025-12-22,0xc9159e003ba5dc44c7e70fa0874780dc14098a29d468ba64b97ce35a158a6638,0xc9159e003ba5dc44c7e70fa0874780dc14098a29d468ba64b97ce35a158a6638,BUY,,0.8,0.795,-0.0062893081761006345,215.4,172.32000000000002,5.0,0x0385fc23a92362ee3cda390a97a99b15fd4111b0681ba8c50bb853413f81ad5e,1,0
2025-12-22T14:21:22.347102,0x507e52ef684ca2dd91f90a9d26d149dd3288beae,0.826237432647206,us-current-affairs,Will Manchester City FC win on 2025-12-27?,epl-not-mac-2025-12-27-mac,0x912d84e94618e28271e30ea0eb46908148dfbec8956f0ec7c13a8c7f3d3843e7,0x912d84e94618e28271e30ea0eb46908148dfbec8956f0ec7c13a8c7f3d3843e7,BUY,,0.38,0.385,0.012987012987012998,5240,1991.2,5.0,0x4600d86c232b6374eb336f84d19b9cbd3a4964016e8416f4e6300a4c68359d49,1,0
2025-12-22T15:05:17.106647,0x507e52ef684ca2dd91f90a9d26d149dd3288beae,0.826237432647206,us-current-affairs,Will South Africa win on 2025-12-22?,acn-rsa-ang-2025-12-22-rsa,0x2188c14efbef0ed00f026a6771bc7860e8f3d1da6308020bf9b18315557a646f,0x2188c14efbef0ed00f026a6771bc7860e8f3d1da6308020bf9b18315557a646f,BUY,,0.6,0.605,0.008264462809917363,434.41,260.646,5.0,0x672541f02b78435e6e1069ef9bdd1e9d5dff8e797e73ec8d7dcb6e1d99321a73,1,0
2025-12-22T15:15:18.911379,0xfc25f141ed27bb1787338d2c4e7f51e3a15e1f7f,0.9558736299687436,us-current-affairs,Grizzlies vs. Thunder,nba-mem-okc-2025-12-22,0x3d902714b7e37063d33f58ec5f5f447444e3046462921ff8aaef1ecb12acf7e8,0x3d902714b7e37063d33f58ec5f5f447444e3046462921ff8aaef1ecb12acf7e8,BUY,,0.1,0.105,0.04761904761904753,5289.13,528.913,5.0,0x399fab21867a0f59ed9d1b58618e6f27839d673fc7fc8944187b32075d49a30c,1,0
2025-12-22T15:45:19.704788,0x507e52ef684ca2dd91f90a9d26d149dd3288beae,0.826237432647206,us-current-affairs,Dota 2: Zero Tenacity vs Yellow Submarine - Game 2 Winner,dota2-z10-yes-2025-12-22-game2,0xcff1ab219240ec4927e99b7f5c21bfe342c30ca7a7cf1ef436bdc386462ea44c,0xcff1ab219240ec4927e99b7f5c21bfe342c30ca7a7cf1ef436bdc386462ea44c,SELL,,0.84,0.715,0.1488095238095238,300,252.0,5.0,0xf8af32009336484fbd00d5c992a4cc37f0579e7d4821b3438bcf19616343795a,1,0
2025-12-22T15:51:19.830160,0x507e52ef684ca2dd91f90a9d26d149dd3288beae,0.826237432647206,us-current-affairs,Will Mali win on 2025-12-22?,acn-mli-zam-2025-12-22-mli,0xcf7fbb0230dab4d8bc3ef48979d853ffbc098b9b198591082663fd892a03cd52,0xcf7fbb0230dab4d8bc3ef48979d853ffbc098b9b198591082663fd892a03cd52,BUY,,0.51,0.545,0.06422018348623859,998,508.98,5.0,0x56da77cab344663a62bad6b0769f961b5231f84937bbc426649dc678ab3d204d,1,0
2025-12-22T15:59:24.730658,0x507e52ef684ca2dd91f90a9d26d149dd3288beae,0.826237432647206,us-current-affairs,Dota 2: Zero Tenacity vs Yellow Submarine - Game 2 Winner,dota2-z10-yes-2025-12-22-game2,0xcff1ab219240ec4927e99b7f5c21bfe342c30ca7a7cf1ef436bdc386462ea44c,0xcff1ab219240ec4927e99b7f5c21bfe342c30ca7a7cf1ef436bdc386462ea44c,BUY,,0.61,0.78,0.21794871794871798,494.5,301.645,5.0,0x9517d6bbc172b862fe04965b958de34be007fcff93c0300ebaa24004f0d9935f,1,0
2025-12-22T16:43:18.073118,0x507e52ef684ca2dd91f90a9d26d149dd3288beae,0.826237432647206,us-current-affairs,Mavericks vs. Pelicans,nba-dal-nop-2025-12-22,0xee7c7b4574d76aea6ee66a6bfb0e74430659fcb99cebc32a6db3b083190c6d58,0xee7c7b4574d76aea6ee66a6bfb0e74430659fcb99cebc32a6db3b083190c6d58,BUY,,0.51,0.515,0.009708737864077678,3100.41,1581.2091,5.0,0xf856a2841a2072ec68fa576ee12ba0f61bc24e68dbc0d4a1216aa9e48f533741,1,0
2025-12-22T16:51:25.066972,0x507e52ef684ca2dd91f90a9d26d149dd3288beae,0.826237432647206,us-current-affairs,Jazz vs. Nuggets: O/U 248.5,nba-uta-den-2025-12-22-total-248pt5,0xdaa03dfa2f0fa57e78285d4b33a254ea19d67f60d56ef867b3026e6f2e88eff0,0xdaa03dfa2f0fa57e78285d4b33a254ea19d67f60d56ef867b3026e6f2e88eff0,BUY,,0.49,0.495,0.01010101010101011,1002,490.98,5.0,0xa363a7a200ef6c1f0718d3437e31e752c28f3102382029aa99059b266c9e3d60,1,0
2025-12-22T18:27:19.523391,0x507e52ef684ca2dd91f90a9d26d149dd3288beae,0.826237432647206,us-current-affairs,Mavericks vs. Pelicans: 1H O/U 122.5,nba-dal-nop-2025-12-22-1h-total-122pt5,0xfbc993f38f287f22e7887698a68fa4a87c0b81a25d4cca688f62df416ba765bf,0xfbc993f38f287f22e7887698a68fa4a87c0b81a25d4cca688f62df416ba765bf,BUY,,0.48,0.495,0.03030303030303033,1005,482.4,5.0,0xd0494bb77aedc215b95c9321d66c1724e98d67a3ca0008ca079cab3be2d52135,1,0
2025-12-22T19:29:20.503978,0x507e52ef684ca2dd91f90a9d26d149dd3288beae,0.826237432647206,us-current-affairs,Sacred Heart Pioneers vs. Towson Tigers,cbb-sacred-tows-2025-12-22,0x6c331e169ba051ffe01297e495593c4ead8f89cdfa3fdac46702e825fc2a4b60,0x6c331e169ba051ffe01297e495593c4ead8f89cdfa3fdac46702e825fc2a4b60,BUY,,0.88,0.885,0.005649717514124299,869.84,765.4592,5.0,0x8d30132966ca37cebfcecbaed16377b24b52550b6782f0df4967331e48f24b82,1,0
2025-12-22T19:51:23.739861,0x507e52ef684ca2dd91f90a9d26d149dd3288beae,0.826237432647206,us-current-affairs,Grizzlies vs. Thunder,nba-mem-okc-2025-12-22,0x3d902714b7e37063d33f58ec5f5f447444e3046462921ff8aaef1ecb12acf7e8,0x3d902714b7e37063d33f58ec5f5f447444e3046462921ff8aaef1ecb12acf7e8,BUY,,0.89,0.895,0.005586592178770954,14032.51,12488.9339,5.0,0xd6fee9419a9258528b98921613ebbc83bf3bb65d0dffbea3dab13fdbfe9adaba,1,0
2025-12-22T20:07:20.216557,0x507e52ef684ca2dd91f90a9d26d149dd3288beae,0.826237432647206,us-current-affairs,Washington State vs. Utah State,cfb-washst-utahst-2025-12-22,0x31eafc75bdaa2f9f476774c9e87d05ca8f019a48c5e27b432e58b7271aba0270,0x31eafc75bdaa2f9f476774c9e87d05ca8f019a48c5e27b432e58b7271aba0270,BUY,,0.4,0.445,0.10112359550561795,749.72,299.88800000000003,5.0,0x80837e75f0bcd48471eb2cf46303220b06fc5530bb1369510c7c6539f19e7962,1,0
2025-12-22T20:09:18.236219,0x507e52ef684ca2dd91f90a9d26d149dd3288beae,0.826237432647206,us-current-affairs,Washington State vs. Utah State,cfb-washst-utahst-2025-12-22,0x31eafc75bdaa2f9f476774c9e87d05ca8f019a48c5e27b432e58b7271aba0270,0x31eafc75bdaa2f9f476774c9e87d05ca8f019a48c5e27b432e58b7271aba0270,BUY,,0.61,0.645,0.054263565891472916,493.57,301.0777,5.0,0xf02ee8abecd04db0927ccc1b60699bd9cac12de083f21e9bc4cb248041e270b8,1,0
2025-12-22T20:09:18.432217,0x507e52ef684ca2dd91f90a9d26d149dd3288beae,0.826237432647206,us-current-affairs,Washington State vs. Utah State,cfb-washst-utahst-2025-12-22,0x31eafc75bdaa2f9f476774c9e87d05ca8f019a48c5e27b432e58b7271aba0270,0x31eafc75bdaa2f9f476774c9e87d05ca8f019a48c5e27b432e58b7271aba0270,SELL,,0.3934464779238288,0.35,0.11042538276893678,2967,1167.3557,5.0,0x3364cac65c9939721394e2566c65d93219d1e3707a1c95979331d23adf4b3c3e,1,0
2025-12-22T21:03:18.676316,0x507e52ef684ca2dd91f90a9d26d149dd3288beae,0.826237432647206,us-current-affairs,Sacred Heart Pioneers vs. Towson Tigers,cbb-sacred-tows-2025-12-22,0x6c331e169ba051ffe01297e495593c4ead8f89cdfa3fdac46702e825fc2a4b60,0x6c331e169ba051ffe01297e495593c4ead8f89cdfa3fdac46702e825fc2a4b60,SELL,,0.89,0.85,0.04494382022471914,310.17,276.0513,5.0,0xa477a98cc8a412823626067460a91df3c5daa9f0607e380751885b2f41a7b514,1,0
2025-12-22T21:03:24.900201,0x507e52ef684ca2dd91f90a9d26d149dd3288beae,0.826237432647206,us-current-affairs,Kraken vs. Ducks: O/U 6.5,nhl-sea-ana-2025-12-22-total-6pt5,0xe8c19c2aa55076a8483e452ca41833c764b244b83233b6c968f8f640906a2a61,0xe8c19c2aa55076a8483e452ca41833c764b244b83233b6c968f8f640906a2a61,BUY,,0.5,0.505,0.00990099009900991,701,350.5,5.0,0x0eeff8c5af3d008d97095e087a55282d9248a6d60b60cbb08aa1f9cdb288cee2,1,0
2025-12-22T21:23:22.159438,0x507e52ef684ca2dd91f90a9d26d149dd3288beae,0.826237432647206,us-current-affairs,Will Egypt win on 2025-12-22?,acn-egy-zim-2025-12-22-egy,0xd59e97983896843da667ba140db90210224df24b91f5009b03e589bb7cc1946d,0xd59e97983896843da667ba140db90210224df24b91f5009b03e589bb7cc1946d,BUY,,0.43034588512002214,0.47,0.08437045719144219,433.67,186.62810000000002,5.0,0xdabaaa9d759abb0ac92b6c6672174c0a36a8d21e0a55039ad144551f6ab6daa5,1,0
2025-12-22T21:25:21.981521,0x507e52ef684ca2dd91f90a9d26d149dd3288beae,0.826237432647206,us-current-affairs,49ers vs. Colts: O/U 46.5,nfl-sf-ind-2025-12-22-total-46pt5,0x261b7b1209baa1acb0c51375c7ffb9a2cd1c37c50b75c2b7ee23b5c9d310d951,0x261b7b1209baa1acb0c51375c7ffb9a2cd1c37c50b75c2b7ee23b5c9d310d951,BUY,,0.51,0.505,-0.00990099009900991,19960,10179.6,5.0,0x6271785a5f852d570d4e810edd6baaf05582fe5ccfc50c20b62098d42d08db60,1,0
2025-12-22T21:31:20.075322,0x507e52ef684ca2dd91f90a9d26d149dd3288beae,0.826237432647206,us-current-affairs,Dota 2: L1ga Team vs Team Lynx - Game 2 Winner,dota2-l1ga-lynx-2025-12-22-game2,0xd96c8adc25a63ff86a426d870e6a6688c72604ce07f0050280d3d670366a3c7c,0xd96c8adc25a63ff86a426d870e6a6688c72604ce07f0050280d3d670366a3c7c,BUY,,0.63,0.625,-0.008000000000000007,495.5,312.165,5.0,0x09a422ae12e632240dbf31638e02f3d4c659ff1c2fb170e0b6a5e8901ed0ddc6,1,0
2025-12-22T21:39:23.187375,0x507e52ef684ca2dd91f90a9d26d149dd3288beae,0.826237432647206,us-current-affairs,Dota 2: L1ga Team vs Team Lynx (BO3),dota2-l1ga-lynx-2025-12-22,0xf8805deab41d65b747d8e33286b445a3397412c503bbd80966a96b2cf398cafd,0xf8805deab41d65b747d8e33286b445a3397412c503bbd80966a96b2cf398cafd,BUY,,0.87,0.91,0.043956043956043994,593,515.91,5.0,0x3f20cafdfd325096a2c56446c4cc0c73557bd61a811d515304ec1b4f27538bb1,1,0
2025-12-22T21:41:19.282657,0xfc25f141ed27bb1787338d2c4e7f51e3a15e1f7f,0.9558736299687436,us-current-affairs,Will FC Porto win on 2025-12-22?,por-alv-por-2025-12-22-por,0x6f285d01fb09c3b19444344e6b2790dd2cf039c97d62474dbf75af1245bcc186,0x6f285d01fb09c3b19444344e6b2790dd2cf039c97d62474dbf75af1245bcc186,BUY,,0.999,0.9995,0.0005002501250625872,51356.13,51304.77387,5.0,0xf61e6f23483fb001bd570bbe32df18e5f7a27dc87657eadbc1950254b7feca0e,1,0
2025-12-22T21:45:22.888877,0xfc25f141ed27bb1787338d2c4e7f51e3a15e1f7f,0.9558736299687436,us-current-affairs,Jazz vs. Nuggets,nba-uta-den-2025-12-22,0xd5213fb46cf57eae0f41e43cd847af401a30136949c29e3f30fa917b7c7f0437,0xd5213fb46cf57eae0f41e43cd847af401a30136949c29e3f30fa917b7c7f0437,BUY,,0.85,0.855,0.005847953216374275,4615.97,3923.5745,5.0,0x9b8978309aa54c4d4146d3da03482b3a4e62c43c86e86ff736e9286dd85b18a3,1,0
2025-12-22T21:47:22.813717,0x507e52ef684ca2dd91f90a9d26d149dd3288beae,0.826237432647206,us-current-affairs,Magic vs. Warriors,nba-orl-gsw-2025-12-22,0x6096d02443157a5669567306d63a7efed6ef3f9befe4289030f519449a9ba578,0x6096d02443157a5669567306d63a7efed6ef3f9befe4289030f519449a9ba578,BUY,,0.66,0.655,-0.007633587786259549,19880,13120.800000000001,5.0,0xf364f43ae669090b5fca06b21922d6300795965d3bcd5d11388eff6c532d882e,1,0
2025-12-22T21:59:28.493707,0x507e52ef684ca2dd91f90a9d26d149dd3288beae,0.826237432647206,us-current-affairs,Dota 2: L1ga Team vs Team Lynx - Game 2 Winner,dota2-l1ga-lynx-2025-12-22-game2,0xd96c8adc25a63ff86a426d870e6a6688c72604ce07f0050280d3d670366a3c7c,0xd96c8adc25a63ff86a426d870e6a6688c72604ce07f0050280d3d670366a3c7c,SELL,,0.89,0.885,0.005617977528089893,596.62,530.9918,5.0,0xb89ab9395193dafb87067db0dff988b405c105ec08fa3008a2f23d556a018e4b,1,0
2025-12-22T22:09:21.407716,0x507e52ef684ca2dd91f90a9d26d149dd3288beae,0.826237432647206,us-current-affairs,Will Nigeria win on 2025-12-23?,acn-nga-tan-2025-12-23-nga,0xdb283e4f89b6fc259568ce9a7f7ac7a53f175d3ce8fb80605753563073e21061,0xdb283e4f89b6fc259568ce9a7f7ac7a53f175d3ce8fb80605753563073e21061,BUY,,0.33,0.335,0.01492537313432837,1680,554.4,5.0,0x8a23cc34ddb7ee02fbbf4463dc3b2cba1fef2bfc297f7a5fb0513efb2df6449e,1,0
2025-12-22T22:35:24.026454,0x507e52ef684ca2dd91f90a9d26d149dd3288beae,0.826237432647206,us-current-affairs,Denver Pioneers vs. Tulsa Golden Hurricane,cbb-den-tulsa-2025-12-22,0xa0eb608de2cb32861f2f0af006bf5c0bbce04f247cd663ac32e0b87908572b00,0xa0eb608de2cb32861f2f0af006bf5c0bbce04f247cd663ac32e0b87908572b00,BUY,,0.77,0.815,0.055214723926380285,520,400.40000000000003,5.0,0xdccd84a0e696e6a8f1b6b72eda94ebbb41d3827f9b1bc787e8e11b8ff4c59a5d,1,0
2025-12-22T22:43:19.610792,0x507e52ef684ca2dd91f90a9d26d149dd3288beae,0.826237432647206,us-current-affairs,Fulham FC vs. Nottingham Forest FC: O/U 1.5,epl-ful-not-2025-12-22-total-1pt5,0x28280934446bc0c316ca3ff4971ef2925c8c152649dc75f11c99c5e2f838c903,0x28280934446bc0c316ca3ff4971ef2925c8c152649dc75f11c99c5e2f838c903,BUY,,0.56,0.565,0.008849557522123706,495.5,277.48,5.0,0x9ea227f5ba83076c27251d20b31e3aac11b6a66ce5fbe75592592371e869abea,1,0
2025-12-22T23:03:21.083826,0x507e52ef684ca2dd91f90a9d26d149dd3288beae,0.826237432647206,us-current-affairs,Jazz vs. Nuggets,nba-uta-den-2025-12-22,0xd5213fb46cf57eae0f41e43cd847af401a30136949c29e3f30fa917b7c7f0437,0xd5213fb46cf57eae0f41e43cd847af401a30136949c29e3f30fa917b7c7f0437,BUY,,0.85,0.845,-0.0059171597633136145,22780,19363.0,5.0,0x4da63bd6d53a685df2391e9e65332b6259fc0f3440e1d9286299b3b2e58fee7d,1,0
