timestamp,wallet,whale_score,category,market,slug,condition_id,whale_entry_price,current_price,discount_pct,size,trade_value_usd,orderbook_depth_ratio,transaction_hash,cluster_trades_count,cluster_window_minutes
2025-12-15T14:54:49.768610,0xc8b438e4a1c10643ea0ea3e59bcaadc73174f05d,1.0,crypto,Panthers vs. Lightning,nhl-fla-tb-2025-12-16,0x1348043fb69e0b8325db53d3254868c83d053a6c9c7e117344558019183450ba,0.43,0.43,0.0,19297.93,8298.1099,5.0,0x7a23d1ab3501011bbfb44899604265068047827a3f22e7773eb519a0b653f37f,1,0
2025-12-15T14:57:24.701772,0x1e33447f03ad92e650a05e403cd7d69cbe7fafb3,1.0,crypto,Will Fenerbahçe SK win on 2025-12-15?,tur-fen-kon-2025-12-15-fen,0xa0f207a0bc581296a4903393c6242b179b417ef54b681df2d8790d5d54ef32ee,0.8087719201412983,0.8087719201412983,0.0,9471.94111,7660.639999,5.0,0x6d13d220b16decc9ca763e488173b8fb32c1cb9830b114d93f875f4117882492,1,0
2025-12-15T14:57:24.705579,0x7b4bc5535b68e7d950f777e5226bde5f4c6b2956,1.0,crypto,"Will Bitcoin reach $1,000,000 by December 31, 2025?",will-bitcoin-reach-1000000-by-december-31-2025,0xd8b9ff369452daebce1ac8cb6a29d6817903e85168356c72812317f38e317613,0.9969999999999264,0.9969999999999264,0.0,13583.871333,13543.119718999998,5.0,0xab4a86478cbc17b2c33868fce7daeefbb1fdeb287429d14bb6318218f6f25dc0,1,0
2025-12-15T15:10:36.778744,0x5db03af77d0365b789f148ad493ceb43a4f54880,1.0,crypto,"Will the price of Bitcoin be above $94,000 on December 15?",bitcoin-above-94k-on-december-15,0xfe7f4a4b572179114d3bea75c9ffe394bb1b1f7321ae6c0bcc69f437c4fbc679,0.998302997723909,0.998302997723909,0.0,10050.125,10033.069915,5.0,0x2d460e8abd80523f17ad6680c42c5079a557402cac2069a5facf5092be55a9f9,1,0
2025-12-15T15:14:06.878237,0x3c3af48a37826826297e20d408b8ffe7bbf98679,1.0,crypto,Senators vs. Jets,nhl-ott-wpg-2025-12-16,0x40a759fbb4edcc88a34281b826503093e65d235064c666f1cffd5c573bd7f1ba,0.56,0.56,0.0,16377.91,9171.6296,5.0,0x2a7ca8ceb4dd367c07c938611868cb00cc7d80013ebe65a962642214aae08905,1,0
2025-12-15T15:14:06.880231,0x3c3af48a37826826297e20d408b8ffe7bbf98679,1.0,crypto,Senators vs. Jets,nhl-ott-wpg-2025-12-16,0x40a759fbb4edcc88a34281b826503093e65d235064c666f1cffd5c573bd7f1ba,0.56,0.56,0.0,26122.24,14628.454400000002,5.0,0x19f7fe2985de11fad812ea870e994cce2c03390ac8822de28d8e417bd189d28a,1,0
2025-12-15T15:24:42.041328,0x3c3af48a37826826297e20d408b8ffe7bbf98679,1.0,crypto,Senators vs. Jets,nhl-ott-wpg-2025-12-16,0x40a759fbb4edcc88a34281b826503093e65d235064c666f1cffd5c573bd7f1ba,0.56,0.56,0.0,52688.63,29505.632800000003,5.0,0x8c691209f066d6b1910f0ada68b5c0a09635880406a9e680d24e016ac12c91a6,1,0
2025-12-15T15:27:19.190652,0xa9e8faf20424f3efbf12abaea0e7069d7546c443,1.0,crypto,"Will the price of Bitcoin be above $92,000 on December 15?",bitcoin-above-92k-on-december-15,0x75398cdc231182956705fe80957f7abe9e119694009d4bf57d490e1d8fb5feb6,0.9862314836338476,0.9862314836338476,0.0,10926.82,10776.373899999999,5.0,0x6d34da565a8cbf738211d131278c10e0fce67ffc0b1f7b09e88d9c04aca12bf2,2,5
2025-12-15T15:28:31.069107,0xa9e8faf20424f3efbf12abaea0e7069d7546c443,1.0,crypto,"Will the price of Bitcoin be above $92,000 on December 15?",bitcoin-above-92k-on-december-15,0x75398cdc231182956705fe80957f7abe9e119694009d4bf57d490e1d8fb5feb6,0.9899431882740598,0.9899431882740598,0.0,8801,8712.49,5.0,0x23c97334ee3f2531a3bffc8d57d84956c2205b08a64dd544fce5ba868174cb48,1,0
2025-12-15T15:29:56.414333,0x1e3a3d3b980255bab982d366ca1fa2b09c104033,1.0,sports,Raptors vs. Heat,nba-tor-mia-2025-12-15,0x527e285ad249d2fcf3181c45ef3e0aaa9bba6c6efe8d354691989d10bcbe2efd,0.6821711446971722,0.6821711446971722,0.0,14659.07797,9999.999999,5.0,0x98e25cb1839c3ea4aa4d47aa98eca527a3f3a709cd1b7b0bb744bc8d41d0a8ea,1,0
2025-12-15T15:29:56.418333,0x1e3a3d3b980255bab982d366ca1fa2b09c104033,1.0,sports,Pistons vs. Celtics,nba-det-bos-2025-12-15,0x6c7ae2c202933f8dc747be62b74c0526910b935b23b585b0fc3ba8c345520d98,0.55,0.55,0.0,18181.81818,9999.999999,5.0,0xe3b5f293d9852abcc6999d2eec233bdcfb7839b79453fedd2bdc0d928c8a426d,1,0
2025-12-15T15:29:56.421333,0xac13e6c65f547bc47fca2679fc30364ef6104182,1.0,crypto,"Will Bitcoin reach $1,000,000 by December 31, 2025?",will-bitcoin-reach-1000000-by-december-31-2025,0xd8b9ff369452daebce1ac8cb6a29d6817903e85168356c72812317f38e317613,0.9969999999703583,0.9969999999703583,0.0,13561.955866,13521.269998,5.0,0x270c5e14f9d12f3355c30cf5df2ad8c2a8679c0a6379a0be74dd5a4fd4824107,1,0
2025-12-15T15:34:23.934188,0x6f2628a8ac6e3f7bd857657d5316c33822ced136,1.0,crypto,"Will Bitcoin reach $110,000 by December 31, 2025?",will-bitcoin-reach-110000-by-december-31-2025-793,0x9e8440830c8cdccb524700bf0be33f35df2f0278bff7b843f8073235c96da886,0.9554105700343527,0.9554105700343527,0.0,14094.94,13466.45466,5.0,0x187e7c34a02af884671506cca7ac242e46b0b0a0ea1e16d1b36dbea2492c4362,1,0
2025-12-15T15:39:45.132736,0x1396e562af13bf0365f02b5276537412ab06a252,1.0,crypto,"Will Bitcoin reach $1,000,000 by December 31, 2025?",will-bitcoin-reach-1000000-by-december-31-2025,0xd8b9ff369452daebce1ac8cb6a29d6817903e85168356c72812317f38e317613,0.996999999980758,0.996999999980758,0.0,10030.090269,9999.999998000001,5.0,0xc61947673ac50982f74efc9de8d74f63bc72c78ae68063b605b5770feac3bf1b,1,0
2025-12-15T15:42:38.147434,0x0c4b64af62a0ac3dd477e9f80ec3eaa18e92f6db,1.0,crypto,"Will the price of Bitcoin be above $94,000 on December 15?",bitcoin-above-94k-on-december-15,0xfe7f4a4b572179114d3bea75c9ffe394bb1b1f7321ae6c0bcc69f437c4fbc679,0.999,0.999,0.0,68249.47,68181.22053,5.0,0x0ee6f95d43569969f1027fd12b1d4619cd1e42a4de92139c7ac0d3db60793db1,1,0
2025-12-15T15:42:38.151448,0xb3e732003141f8c3d80de334b4b2b393475a3148,1.0,crypto,"Will Bitcoin reach $1,000,000 by December 31, 2025?",will-bitcoin-reach-1000000-by-december-31-2025,0xd8b9ff369452daebce1ac8cb6a29d6817903e85168356c72812317f38e317613,0.9969999999997056,0.9969999999997056,0.0,13585.777332,13545.02,5.0,0x74dae0f5d347e55e19edd25277bfb55a96eeb64dd4273de969e92c067e0c0c66,1,0
2025-12-15T15:46:08.081854,0xdb27bf2ac5d428a9c63dbc914611036855a6c56e,1.0,sports,Rockets vs. Nuggets,nba-hou-den-2025-12-15,0x69eb2c6ded60754282f2c4fadfa2100cd5d6cc4871d06966ae1c462d42792c57,0.49,0.49,0.0,38883.74,19053.0326,5.0,0x2d2524813862779093db920648330e6bb80442732c6acb024f47e1b81f5c9f37,1,0
2025-12-15T15:47:02.292074,0x0c4b64af62a0ac3dd477e9f80ec3eaa18e92f6db,1.0,crypto,"Will the price of Bitcoin be above $86,000 on December 15?",bitcoin-above-86k-on-december-15,0x9f4683fa77f1ef8813bc4267ff6a4880af7c2ccdd87d85c5f7837a19cb4fff17,0.99,0.99,0.0,9858,9759.42,5.0,0xfb246a84424fc2570147662bf2f2b8d8506f62152bae5f7b8bccb10e38c28157,2,5
2025-12-15T15:53:12.071130,0x6f2628a8ac6e3f7bd857657d5316c33822ced136,1.0,crypto,"Will Bitcoin reach $105,000 by December 31, 2025?",will-bitcoin-reach-105000-by-december-31-2025-784-751,0x4fbbb85445aaafada34e5d94c50b787038729a26b8aa995e0f18158e2019d94e,0.93,0.93,0.0,9339,8685.27,5.0,0x5e4a708440c9fdc090fbb8ba5504215dc7dc74fa4a8cec1119f45f786f7fbb1c,1,0
2025-12-15T15:53:16.562407,0xb1dd3cac4cd0c198750fe46ac3a5587b5cd9c7e8,1.0,crypto,Will Satoshi move any Bitcoin in 2025?,will-satoshi-move-any-bitcoin-in-2025,0x293fb49f43b12631ec4ad0617d9c0efc0eacce33416ef16f68521427daca1678,0.9959999999473608,0.9959999999473608,0.0,13602.018071,13547.609998,5.0,0xa49d844bb7f9154adefca859b7ebc0b010c852f2dd2cb6c9bc79fb542d3da9e0,1,0
2025-12-15T15:54:05.201765,0xf705fa045201391d9632b7f3cde06a5e24453ca7,1.0,crypto,"Will Bitcoin reach $115,000 by December 31, 2025?",will-bitcoin-reach-115000-by-december-31-2025-746,0xc8f19832fd11ad8968e947c4e4fbed6059075efb73f9d1c9133ce6235a291fd0,0.9799156079153332,0.9799156079153332,0.0,8408.49,8239.61059,5.0,0x0bda7e1e110f45891ea38d81ed7f05bb461ea93633627a9127955a5d86974466,1,0
2025-12-15T15:54:59.713803,0x60d0c28b5270652392ce7e5f0a138b55fb4b2e36,1.0,crypto,Kings vs. Stars,nhl-lak-dal-2025-12-16,0xf36bc8564fef3f4ebb55907bad5d4409d4e8af12ba46e48f0c113a5b41669a6c,0.43,0.43,0.0,16282.11,7001.3073,5.0,0xea19e12a57565f29ad3c847c348c9055ff3ab858af99346526d481e4d067d548,1,0
2025-12-15T15:56:48.277427,0xf705fa045201391d9632b7f3cde06a5e24453ca7,1.0,crypto,"Will Bitcoin reach $110,000 by December 31, 2025?",will-bitcoin-reach-110000-by-december-31-2025-793,0x9e8440830c8cdccb524700bf0be33f35df2f0278bff7b843f8073235c96da886,0.958,0.958,0.0,9500.78,9101.74724,5.0,0x88f231f3db745e8d225c174ef1c52b2be22163612c4311e647371f10cf46b5fb,1,0
2025-12-15T15:58:34.920473,0x6f2628a8ac6e3f7bd857657d5316c33822ced136,1.0,crypto,"Will Bitcoin reach $110,000 by December 31, 2025?",will-bitcoin-reach-110000-by-december-31-2025-793,0x9e8440830c8cdccb524700bf0be33f35df2f0278bff7b843f8073235c96da886,0.959,0.959,0.0,10100,9685.9,5.0,0x46d60b4f01837b122878749f5e5e7eee5cb5b157b6b355b8f4f2a0758f20bfc2,1,0
2025-12-15T16:13:41.592864,0xdd54538fc93ad3dbb64afc26554c20c6f6c8b245,1.0,crypto,No change in Fed interest rates after January 2026 meeting?,no-change-in-fed-interest-rates-after-january-2026-meeting,0xe93c89c41d1bb08d3bb40066d8565df301a696563b2542256e6e8bbbb1ec490d,0.76,0.76,0.0,50000,38000.0,5.0,0x9ffdabfe969378e17a56b3e7139994a4922e1213286421cdf002cdfde13498c2,1,0
2025-12-15T16:14:31.758815,0x7744bfd749a70020d16a1fcbac1d064761c9999e,1.0,crypto,Will Trump release the Epstein files by December 19?,will-trump-release-the-epstein-files-by-december-19,0xac9c6628a5398bb2a06f566854270a9fbc7f2badec4329d3b5fdc1407291c35b,0.64,0.64,0.0,54061.92,34599.6288,5.0,0xf1e873c9b9ad63852173cf7c78a31e873d444d9a80a2c0c54bbe2bccca3dcf42,1,0
2025-12-15T16:30:23.813308,0x3e27b4fc18d61173110f6edb21e107bc34819890,1.0,crypto,Over $1B committed to the Gensyn public sale?,over-1b-committed-to-the-gensyn-public-sale-325-564-434,0x14d93a6e606162966d8d4a62b959e5141efb9172b9281a4964cc0ca902b432ba,0.9899895871947486,0.9899895871947486,0.0,9603.56,9507.4244,5.0,0x9ab5378d2eb9b8befbe195db9798bfc74239c4b157cd976c11bda158f4a9e4da,1,0
2025-12-15T16:32:10.203893,0xb8b771c109de799fcb27a0e22b8de332a9bb8196,1.0,crypto,Xi Jinping out in 2025?,xi-jinping-out-in-2025,0xf2ce8d3897ac5009a131637d3575f1f91c579bd08eecce6ae2b2da0f32bbe6f1,0.994999999991802,0.994999999991802,0.0,20126.753767,20026.119998,5.0,0x1f59b22b89ae11bbe22bc6313a18e35bc4efb848e27da4255c8c8699a1cdeb32,1,0
2025-12-15T16:36:36.044603,0x3da0c3a59acaa8f2045ae4edb959f497be913d6b,1.0,crypto,"Will the price of Bitcoin be above $92,000 on December 15?",bitcoin-above-92k-on-december-15,0x75398cdc231182956705fe80957f7abe9e119694009d4bf57d490e1d8fb5feb6,0.998999999916611,0.998999999916611,0.0,10265.145144,10254.879998,5.0,0xb14a003737683130e3c13e8a7df7ae36fc2c625c2ac27b5aa691de27963b4a3b,1,0
2025-12-15T16:36:36.048592,0xea8ee311382139d952087a669252252625663de0,1.0,crypto,Fed decreases interest rates by 25 bps after January 2026 meeting?,fed-decreases-interest-rates-by-25-bps-after-january-2026-meeting,0x35cc41270f5cdfd59b45e68ab85dc51b0b900d286a6c74ea006b8572d9ff5934,0.79,0.79,0.0,10000,7900.0,5.0,0xa4f716b6e3c50c939d5c90db2a9c3c52aa2da68bec4de5d57bcd7880b391e17d,1,0
2025-12-15T16:36:48.324477,0xa52b785a5510117ac3ae03d75d029f89a36c9480,1.0,crypto,"Will the price of Bitcoin be above $92,000 on December 15?",bitcoin-above-92k-on-december-15,0x75398cdc231182956705fe80957f7abe9e119694009d4bf57d490e1d8fb5feb6,0.999,0.999,0.0,19563.25,19543.68675,5.0,0x679b30e57b7637fb09ce58ef6a84b85d51fd40dc13955f86c1e9453708d71666,1,0
2025-12-15T16:37:31.232733,0x5389dd0a3631114871fabbad68dcc594a30e73c6,1.0,crypto,"Will the price of Bitcoin be above $92,000 on December 15?",bitcoin-above-92k-on-december-15,0x75398cdc231182956705fe80957f7abe9e119694009d4bf57d490e1d8fb5feb6,0.9989999999629959,0.9989999999629959,0.0,10782.602601,10771.819998,5.0,0x5778231c1ed114b959703f6f468fe1fcc9400dda31b2832e2ebfa4b18067fbb8,1,0
2025-12-15T16:39:17.591703,0x69a907e47a019918c8fe07ce35a2e15c6f97e082,1.0,crypto,Bitcoin Up or Down on December 15?,bitcoin-up-or-down-on-december-15,0x01f47521d543f3d15f06edddb04447dfa3aa82c59cd1f7c8697a9063107da92c,0.9962205127855577,0.9962205127855577,0.0,9034.144333,8999.9999,5.0,0xe2f56426adfbb2f6978279e3a492e19d484daa969941555ffd17e56e9a33e65e,1,0
2025-12-15T16:42:51.352345,0xb6ddeffc8ae6980decd95e6a6bafc08b041dcf0b,1.0,crypto,Will Satoshi move any Bitcoin in 2025?,will-satoshi-move-any-bitcoin-in-2025,0x293fb49f43b12631ec4ad0617d9c0efc0eacce33416ef16f68521427daca1678,0.9948851244056628,0.9948851244056628,0.0,13582.6936,13513.219812000001,5.0,0x89117669a55f01cbb753db2861674875605096a37193810cefbc61b03f4ab9cc,1,0
2025-12-15T16:45:30.752040,0x6f2628a8ac6e3f7bd857657d5316c33822ced136,1.0,crypto,"Will Bitcoin dip to $70,000 by December 31, 2025?",will-bitcoin-dip-to-70000-by-december-31-2025-193-726-878-775-359-968-264-727-793-714-257-318-569-865-147,0x0aeb566c973d193ef7f77d2532ba6bffe4f76d5f6b7c5422ceaa966536b7ef90,0.933,0.933,0.0,13670,12754.11,5.0,0xe7578e70c4d2b1886028983f51bc8cde9e310f056a0c5e6e34965eb54a3c4b0e,1,0
2025-12-15T16:47:17.126741,0xb63ac06f20eed05d0a34f61116d0580a0afb4064,1.0,crypto,Will Solana dip to $90 December 15-21?,will-solana-dip-to-90-december-15-21,0xc1d21b606d339ef065d258238ce5311c686f9286c91777944be34a1af71d856f,0.9799999999999999,0.9799999999999999,0.0,8028.57135,7867.999922999999,5.0,0x8d512ad5c03396b23878d076909988c9d1d29dd87e2127d5a9e3314ef7f55d9a,2,5
2025-12-15T16:47:19.810135,0xbacd00c9080a82ded56f504ee8810af732b0ab35,1.0,crypto,Will Trump release the Epstein files by December 19?,will-trump-release-the-epstein-files-by-december-19,0xac9c6628a5398bb2a06f566854270a9fbc7f2badec4329d3b5fdc1407291c35b,0.64,0.64,0.0,9541.8,6106.7519999999995,5.0,0x037e29f94ce4f04c5ba8e15744b8361c8c31c88c497eaf1921e0229dad59c25e,1,0
2025-12-15T16:49:58.567219,0x49b60d2cda22653ddc8b6ef21bad6d012a7f170c,1.0,crypto,Will North Macedonia participate in Eurovision 2026?,will-north-macedonia-participate-in-eurovision-2026,0xf5b522d65ca5def4f3ae7a4f3f9fce6d6dc8d525b6c2dd57e4622333bbbb9cef,0.99,0.99,0.0,9947.94,9848.4606,5.0,0x1cef64e498798f0810529f7e5dbef98a89a1a35a6a03b0d0eaf6ae45fdca5dc3,1,0
2025-12-15T16:51:45.396743,0x241f846866c2de4fb67cdb0ca6b963d85e56ef50,1.0,crypto,Fed increases interest rates by 25+ bps after January 2026 meeting?,fed-increases-interest-rates-by-25-bps-after-january-2026-meeting,0x7c6c69d91b21cbbea08a13d0ad51c0e96a956045aaadc77bce507c6b0475b66e,0.987,0.987,0.0,6900,6810.3,5.0,0x6d87c61aa1b1f5015086c086af2c107d96ec3f6154f128243a07875cf5961854,1,0
2025-12-15T16:51:49.874781,0x241f846866c2de4fb67cdb0ca6b963d85e56ef50,1.0,crypto,Fed increases interest rates by 25+ bps after January 2026 meeting?,fed-increases-interest-rates-by-25-bps-after-january-2026-meeting,0x7c6c69d91b21cbbea08a13d0ad51c0e96a956045aaadc77bce507c6b0475b66e,0.987,0.987,0.0,7000,6909.0,5.0,0xe19f739263789e4a347a9ffd3662caeb70cdf7d587e28011c58e00967656df7d,1,0
2025-12-15T16:52:38.009859,0x6718abb58bd86a3fe1e65f5e3ae9140333c8a38e,1.0,crypto,Will NVIDIA be the largest company in the world by market cap on December 31?,will-nvidia-be-the-largest-company-in-the-world-by-market-cap-on-december-31-2025,0x0b16eb7741855ca3d4383fabb8b760c897c2165d603916497f484b87ba9826dc,0.86,0.86,0.0,12412.74,10674.9564,5.0,0xdf8af8ca80c98c093cf4ed9f8c774d53f21f173459e9c52e65e699b1f08d335c,1,0
2025-12-15T16:53:32.408812,0x241f846866c2de4fb67cdb0ca6b963d85e56ef50,1.0,crypto,Fed increases interest rates by 25+ bps after January 2026 meeting?,fed-increases-interest-rates-by-25-bps-after-january-2026-meeting,0x7c6c69d91b21cbbea08a13d0ad51c0e96a956045aaadc77bce507c6b0475b66e,0.987,0.987,0.0,7030,6938.61,5.0,0x46b0a893cc3f4a901e85592d2ab5ed00867944931debf1b90e7f1f8e8c048658,1,0
2025-12-15T16:53:32.414804,0x241f846866c2de4fb67cdb0ca6b963d85e56ef50,1.0,crypto,Fed increases interest rates by 25+ bps after January 2026 meeting?,fed-increases-interest-rates-by-25-bps-after-january-2026-meeting,0x7c6c69d91b21cbbea08a13d0ad51c0e96a956045aaadc77bce507c6b0475b66e,0.987,0.987,0.0,7010,6918.87,5.0,0x7273ac7b7e2576da7488ee878f293fa321c016da667b3b74e9f9d5c2fe23fb73,1,0
2025-12-15T16:54:24.434256,0x241f846866c2de4fb67cdb0ca6b963d85e56ef50,1.0,crypto,Fed increases interest rates by 25+ bps after January 2026 meeting?,fed-increases-interest-rates-by-25-bps-after-january-2026-meeting,0x7c6c69d91b21cbbea08a13d0ad51c0e96a956045aaadc77bce507c6b0475b66e,0.987,0.987,0.0,7044,6952.428,5.0,0x9589def5a312056c7feb537b39439d2fa9c178fbb59ec07b5c11dfc17b9140c3,1,0
2025-12-15T16:55:17.844771,0x241f846866c2de4fb67cdb0ca6b963d85e56ef50,1.0,crypto,Fed increases interest rates by 25+ bps after January 2026 meeting?,fed-increases-interest-rates-by-25-bps-after-january-2026-meeting,0x7c6c69d91b21cbbea08a13d0ad51c0e96a956045aaadc77bce507c6b0475b66e,0.987,0.987,0.0,7090,6997.83,5.0,0xf542e4bb797a33a7de4aa26a3ef7fecb8ae055378e79bb049aa95dad1738912e,1,0
2025-12-15T16:55:17.853762,0x241f846866c2de4fb67cdb0ca6b963d85e56ef50,1.0,crypto,Fed increases interest rates by 25+ bps after January 2026 meeting?,fed-increases-interest-rates-by-25-bps-after-january-2026-meeting,0x7c6c69d91b21cbbea08a13d0ad51c0e96a956045aaadc77bce507c6b0475b66e,0.987,0.987,0.0,7080,6987.96,5.0,0x52442342715c61fcef896e529c68e51294bfe8a5cc01f3dba5d362b450d9638b,1,0
2025-12-15T16:55:17.858767,0x241f846866c2de4fb67cdb0ca6b963d85e56ef50,1.0,crypto,Fed increases interest rates by 25+ bps after January 2026 meeting?,fed-increases-interest-rates-by-25-bps-after-january-2026-meeting,0x7c6c69d91b21cbbea08a13d0ad51c0e96a956045aaadc77bce507c6b0475b66e,0.987,0.987,0.0,7055,6963.285,5.0,0xfa017c0d34250948d45d042a1a2ba2a1a10112c1f9ff3f2b32687b697f755252,1,0
2025-12-15T16:55:17.863765,0x241f846866c2de4fb67cdb0ca6b963d85e56ef50,1.0,crypto,Fed increases interest rates by 25+ bps after January 2026 meeting?,fed-increases-interest-rates-by-25-bps-after-january-2026-meeting,0x7c6c69d91b21cbbea08a13d0ad51c0e96a956045aaadc77bce507c6b0475b66e,0.987,0.987,0.0,7025,6933.675,5.0,0x843dd8845a0589bb23e84eac69d13c928d6dab5d8ba338002957ac8fae2e942f,1,0
2025-12-15T16:57:02.456832,0x7b676d5a6379855773d405fcf19b9aa577651b07,1.0,crypto,Fed increases interest rates by 25+ bps after January 2026 meeting?,fed-increases-interest-rates-by-25-bps-after-january-2026-meeting,0x7c6c69d91b21cbbea08a13d0ad51c0e96a956045aaadc77bce507c6b0475b66e,0.987,0.987,0.0,11000,10857.0,5.0,0xd0f9d02384a21f80d0c98bcc10d1985fb0ee1ea8aa236882e33aa271148ad768,2,5
2025-12-15T16:57:02.466801,0x4c4f8eaa76eb4eb01348b4a7d1d925e8201b6eba,1.0,crypto,No change in Fed interest rates after January 2026 meeting?,no-change-in-fed-interest-rates-after-january-2026-meeting,0xe93c89c41d1bb08d3bb40066d8565df301a696563b2542256e6e8bbbb1ec490d,0.77,0.77,0.0,10000,7700.0,5.0,0xe8e646794a5941af5b83805195a7c328b47ee39c23d9c8b38dfc9036b52f16fe,1,0
2025-12-15T16:58:48.366347,0xea8ee311382139d952087a669252252625663de0,1.0,crypto,Fed increases interest rates by 25+ bps after January 2026 meeting?,fed-increases-interest-rates-by-25-bps-after-january-2026-meeting,0x7c6c69d91b21cbbea08a13d0ad51c0e96a956045aaadc77bce507c6b0475b66e,0.987,0.987,0.0,13500,13324.5,5.0,0x59462d100602d2f1b499b883a51216482eb14cf5b27bb7c092d7e7e6948b5003,1,0
2025-12-15T16:59:40.858017,0xea8ee311382139d952087a669252252625663de0,1.0,crypto,Fed increases interest rates by 25+ bps after January 2026 meeting?,fed-increases-interest-rates-by-25-bps-after-january-2026-meeting,0x7c6c69d91b21cbbea08a13d0ad51c0e96a956045aaadc77bce507c6b0475b66e,0.987,0.987,0.0,14500,14311.5,5.0,0x6929db183d7dd5ab0d10ca7add5f217a975508925d66ef24d8759e4decf76a41,1,0
2025-12-15T16:59:40.863012,0xea8ee311382139d952087a669252252625663de0,1.0,crypto,Fed increases interest rates by 25+ bps after January 2026 meeting?,fed-increases-interest-rates-by-25-bps-after-january-2026-meeting,0x7c6c69d91b21cbbea08a13d0ad51c0e96a956045aaadc77bce507c6b0475b66e,0.987,0.987,0.0,14200,14015.4,5.0,0x219853dbd49ccab01f2e9fc8edf47d8448d16d7b9b179bcba1cd68234607e5c3,1,0
2025-12-15T17:02:23.330093,0x16b29c50f2439faf627209b2ac0c7bbddaa8a881,1.0,sports,Dolphins vs. Steelers,nfl-mia-pit-2025-12-15,0x1f1ccfe2166c17a3b89a339b847e2e12966463a8631318aa54ad754646507381,0.62,0.62,0.0,15340.32,9510.9984,5.0,0xda2847f695c353ad8e420cde033334926c549cd845368cde45fc26c70d7637ef,1,0
2025-12-15T17:02:23.332032,0x16b29c50f2439faf627209b2ac0c7bbddaa8a881,1.0,sports,Dolphins vs. Steelers,nfl-mia-pit-2025-12-15,0x1f1ccfe2166c17a3b89a339b847e2e12966463a8631318aa54ad754646507381,0.62,0.62,0.0,16020.96,9932.9952,5.0,0x42ef486633243e404c9a4f511e4330379b11176df2cce8f7ad14d44121ba3a83,1,0
2025-12-15T17:02:23.334029,0x16b29c50f2439faf627209b2ac0c7bbddaa8a881,1.0,sports,Dolphins vs. Steelers,nfl-mia-pit-2025-12-15,0x1f1ccfe2166c17a3b89a339b847e2e12966463a8631318aa54ad754646507381,0.62,0.62,0.0,16040.32,9944.9984,5.0,0x0d156393bd6dea86abe51953c0700e833f5187a10a5605a31a2aa1f730bb2442,1,0
2025-12-15T17:02:23.336059,0x16b29c50f2439faf627209b2ac0c7bbddaa8a881,1.0,sports,Dolphins vs. Steelers,nfl-mia-pit-2025-12-15,0x1f1ccfe2166c17a3b89a339b847e2e12966463a8631318aa54ad754646507381,0.62,0.62,0.0,15570.96,9653.9952,5.0,0x12f0a5a624740f997952ce70ecfe9dc073fc7193bef02978724f6cc4f20361bf,1,0
2025-12-15T17:04:08.549878,0xdd572169e741c72227589c5cb56b9ddd638d694d,1.0,crypto,Fed increases interest rates by 25+ bps after January 2026 meeting?,fed-increases-interest-rates-by-25-bps-after-january-2026-meeting,0x7c6c69d91b21cbbea08a13d0ad51c0e96a956045aaadc77bce507c6b0475b66e,0.987,0.987,0.0,15100,14903.7,5.0,0x6f3071f39ceaeb88fd411e68b95168cd77645435063b8b72b6b2a3d782e14968,1,0
2025-12-15T17:04:08.553866,0xdd572169e741c72227589c5cb56b9ddd638d694d,1.0,crypto,Fed increases interest rates by 25+ bps after January 2026 meeting?,fed-increases-interest-rates-by-25-bps-after-january-2026-meeting,0x7c6c69d91b21cbbea08a13d0ad51c0e96a956045aaadc77bce507c6b0475b66e,0.987,0.987,0.0,15000,14805.0,5.0,0x0b3514d13bd714c875c8e51718bb47f0cec09e3c9e2084afa7433e7fea19ab21,1,0
2025-12-15T17:05:03.156980,0xdd572169e741c72227589c5cb56b9ddd638d694d,1.0,crypto,Fed increases interest rates by 25+ bps after January 2026 meeting?,fed-increases-interest-rates-by-25-bps-after-january-2026-meeting,0x7c6c69d91b21cbbea08a13d0ad51c0e96a956045aaadc77bce507c6b0475b66e,0.987,0.987,0.0,15050,14854.35,5.0,0x783289757ae2c2d50e83b3b01fe037b12dedc9a6884b4f5e1c3adc7ce9518e86,1,0
2025-12-15T17:05:57.891531,0xdd572169e741c72227589c5cb56b9ddd638d694d,1.0,crypto,Fed increases interest rates by 25+ bps after January 2026 meeting?,fed-increases-interest-rates-by-25-bps-after-january-2026-meeting,0x7c6c69d91b21cbbea08a13d0ad51c0e96a956045aaadc77bce507c6b0475b66e,0.987,0.987,0.0,15000,14805.0,5.0,0xc33da06f1c33092541723e505dd3f99e1830a504615024649ed4450fbed5ef1a,1,0
2025-12-15T17:06:51.612772,0xdd572169e741c72227589c5cb56b9ddd638d694d,1.0,crypto,Fed increases interest rates by 25+ bps after January 2026 meeting?,fed-increases-interest-rates-by-25-bps-after-january-2026-meeting,0x7c6c69d91b21cbbea08a13d0ad51c0e96a956045aaadc77bce507c6b0475b66e,0.987,0.987,0.0,15150,14953.05,5.0,0xdeb0ada87d4c1b7561b90e8c9211a13ea12a867241f30b6c0c246dbd04d1779f,1,0
2025-12-15T17:07:42.660717,0xdd572169e741c72227589c5cb56b9ddd638d694d,1.0,crypto,Fed increases interest rates by 25+ bps after January 2026 meeting?,fed-increases-interest-rates-by-25-bps-after-january-2026-meeting,0x7c6c69d91b21cbbea08a13d0ad51c0e96a956045aaadc77bce507c6b0475b66e,0.987,0.987,0.0,15030,14834.61,5.0,0x28ec40083c2b1ea2355c54559299c3940b9e7d12c39a444d9c488644d83692e5,1,0
2025-12-15T17:07:42.667715,0x7c3db723f1d4d8cb9c550095203b686cb11e5c6b,1.0,crypto,Russia x Ukraine ceasefire in 2025?,russia-x-ukraine-ceasefire-in-2025,0x8ee2f1640386310eb5e7ffa596ba9335f2d324e303d21b0dfea6998874445791,0.97,0.97,0.0,8479.86,8225.4642,5.0,0x9f94c51e1caf62f53abbdfba74f362f94617cc26df638e09dadcff7b7c503156,1,0
2025-12-15T17:07:42.669716,0xdd572169e741c72227589c5cb56b9ddd638d694d,1.0,crypto,Fed increases interest rates by 25+ bps after January 2026 meeting?,fed-increases-interest-rates-by-25-bps-after-january-2026-meeting,0x7c6c69d91b21cbbea08a13d0ad51c0e96a956045aaadc77bce507c6b0475b66e,0.987,0.987,0.0,15180,14982.66,5.0,0xab8bb8100756a5420fe75b06360e1a0340b2924a27d854b29afb8da7f8ab7d7b,1,0
2025-12-15T17:08:35.423324,0xdd572169e741c72227589c5cb56b9ddd638d694d,1.0,crypto,Fed increases interest rates by 25+ bps after January 2026 meeting?,fed-increases-interest-rates-by-25-bps-after-january-2026-meeting,0x7c6c69d91b21cbbea08a13d0ad51c0e96a956045aaadc77bce507c6b0475b66e,0.987,0.987,0.0,15045,14849.414999999999,5.0,0xe759002a787f58c3326c891f9b4d0a52e84b664477fda168fbc437506415f9a5,1,0
2025-12-15T17:09:29.594152,0xdd572169e741c72227589c5cb56b9ddd638d694d,1.0,crypto,Fed increases interest rates by 25+ bps after January 2026 meeting?,fed-increases-interest-rates-by-25-bps-after-january-2026-meeting,0x7c6c69d91b21cbbea08a13d0ad51c0e96a956045aaadc77bce507c6b0475b66e,0.987,0.987,0.0,15060,14864.22,5.0,0x326272de3f234090b9df82114637e38092dcd07873bbbfdebb5991372b4f8cdc,1,0
2025-12-15T17:10:20.711820,0xdd572169e741c72227589c5cb56b9ddd638d694d,1.0,crypto,Fed increases interest rates by 25+ bps after January 2026 meeting?,fed-increases-interest-rates-by-25-bps-after-january-2026-meeting,0x7c6c69d91b21cbbea08a13d0ad51c0e96a956045aaadc77bce507c6b0475b66e,0.987,0.987,0.0,15080,14883.96,5.0,0xe2b8b92a655f80ed67c8c0c1728fc368afb3e7fd9e05c46ced5f9a6e10b0048a,1,0
2025-12-15T17:11:13.339474,0xf975c19db5d1da14029109a4df52ee87d0a64354,1.0,crypto,Will Fenerbahçe SK win on 2025-12-15?,tur-fen-kon-2025-12-15-fen,0xa0f207a0bc581296a4903393c6242b179b417ef54b681df2d8790d5d54ef32ee,0.8099109097869559,0.8099109097869559,0.0,12347.037036,9999.999999,5.0,0x1d1c055a4c696038eb5d511024fc0f0c258a53bc6e73fa529314baf3562c76b6,1,0
2025-12-15T17:11:13.341470,0xdd572169e741c72227589c5cb56b9ddd638d694d,1.0,crypto,Fed increases interest rates by 25+ bps after January 2026 meeting?,fed-increases-interest-rates-by-25-bps-after-january-2026-meeting,0x7c6c69d91b21cbbea08a13d0ad51c0e96a956045aaadc77bce507c6b0475b66e,0.987,0.987,0.0,15030,14834.61,5.0,0x0a274444cba7bb1e65b5eeb1a0528b37faae1784a66b4183a4504bf78bef148d,1,0
2025-12-15T17:11:13.344482,0x7244d51e82ee607ec3761e3bdecc9df84a2d22bc,1.0,elections,Will Chelsea Clinton win the 2028 Democratic presidential nomination?,will-chelsea-clinton-win-the-2028-democratic-presidential-nomination,0xf2e51acfbb6d0414dc2ace81b7dc2af7c165e443dcb91f6caa7aab6d6ab4f06d,0.995,0.995,0.0,10228.26,10177.1187,5.0,0x7e3f7398515a1fc430ae9dfdcf340ecfb7b47f1e0da9d09260f4fd5f30ce3bfd,1,0
2025-12-15T17:11:13.346443,0xdd572169e741c72227589c5cb56b9ddd638d694d,1.0,crypto,Fed increases interest rates by 25+ bps after January 2026 meeting?,fed-increases-interest-rates-by-25-bps-after-january-2026-meeting,0x7c6c69d91b21cbbea08a13d0ad51c0e96a956045aaadc77bce507c6b0475b66e,0.987,0.987,0.0,15020,14824.74,5.0,0x4a9d0a5b20828330042f6bb648170f3efe2b5a0222ff21a27ce7ab2ae95b6c30,1,0
2025-12-15T17:11:13.349472,0x5d44f5799980fe48325092007cab181c2d3e1b4b,1.0,crypto,"Will the price of Bitcoin be between $102,000 and $104,000 on December 16?",will-the-price-of-bitcoin-be-between-102000-104000-on-december-16,0xc7d292afd6f6499d319f70014213ffa9c942367312c812e2ae27ac7de4cad812,0.999,0.999,0.0,6053.66,6047.60634,5.0,0x2f36c2743553904e292b2cf13617589d1f60f1c03c2b7ba8a7b9ebaaa04af993,1,0
2025-12-15T17:11:21.819641,0xdd572169e741c72227589c5cb56b9ddd638d694d,1.0,crypto,Fed increases interest rates by 25+ bps after January 2026 meeting?,fed-increases-interest-rates-by-25-bps-after-january-2026-meeting,0x7c6c69d91b21cbbea08a13d0ad51c0e96a956045aaadc77bce507c6b0475b66e,0.987,0.987,0.0,15080,14883.96,5.0,0x0a24ddc178b2fcec726426a4a0f12727abf956c5838153fc8343921333189756,1,0
2025-12-15T17:11:21.829637,0x935e72a57d48ec9e1423303665a475c77fefd6e4,1.0,crypto,Dota 2: Team Falcons vs Team Spirit (BO3),dota2-flc-ts8-2025-12-15,0x8fc009a96f4a7cc63ee73e262d7674ccd91cd1b41b8526577a818472ebdbc8a0,0.9899035286050922,0.9899035286050922,0.0,6912.93,6843.1338000000005,5.0,0xf0f16988caac341a98a242c3affe482cc8bd7e323c13ee1d110d9f8645b5f9ca,1,0
2025-12-15T17:12:58.937512,0xdd572169e741c72227589c5cb56b9ddd638d694d,1.0,crypto,Fed increases interest rates by 25+ bps after January 2026 meeting?,fed-increases-interest-rates-by-25-bps-after-january-2026-meeting,0x7c6c69d91b21cbbea08a13d0ad51c0e96a956045aaadc77bce507c6b0475b66e,0.987,0.987,0.0,15800,15594.6,5.0,0x466d14a3e71e02c93a3680bbfd3d3ad6c71ddb54af626e776dd60426cfacc3d2,1,0
2025-12-15T17:14:43.987039,0xdd572169e741c72227589c5cb56b9ddd638d694d,1.0,crypto,Fed increases interest rates by 25+ bps after January 2026 meeting?,fed-increases-interest-rates-by-25-bps-after-january-2026-meeting,0x7c6c69d91b21cbbea08a13d0ad51c0e96a956045aaadc77bce507c6b0475b66e,0.987,0.987,0.0,16100,15890.699999999999,5.0,0x91420f26d55d20234ed73df0f600ffdc990c6f99add120880b904b30e463e7cf,1,0
2025-12-15T17:14:43.991038,0xdd572169e741c72227589c5cb56b9ddd638d694d,1.0,crypto,Fed increases interest rates by 25+ bps after January 2026 meeting?,fed-increases-interest-rates-by-25-bps-after-january-2026-meeting,0x7c6c69d91b21cbbea08a13d0ad51c0e96a956045aaadc77bce507c6b0475b66e,0.987,0.987,0.0,16000,15792.0,5.0,0x28071ef5e4b61f6d53ed8945bbca79b1e11ca854a8ee0eeb426096b90550d24d,1,0
2025-12-15T17:15:51.128853,0xdd572169e741c72227589c5cb56b9ddd638d694d,1.0,crypto,Fed increases interest rates by 25+ bps after January 2026 meeting?,fed-increases-interest-rates-by-25-bps-after-january-2026-meeting,0x7c6c69d91b21cbbea08a13d0ad51c0e96a956045aaadc77bce507c6b0475b66e,0.987,0.987,0.0,16450,16236.15,5.0,0x9d4094b442f92ba7f5dd33c048829d43a32be7fba5d533821af824074e0ac677,1,0
2025-12-15T17:17:23.717136,0xdd572169e741c72227589c5cb56b9ddd638d694d,1.0,crypto,Fed increases interest rates by 25+ bps after January 2026 meeting?,fed-increases-interest-rates-by-25-bps-after-january-2026-meeting,0x7c6c69d91b21cbbea08a13d0ad51c0e96a956045aaadc77bce507c6b0475b66e,0.987,0.987,0.0,16500,16285.5,5.0,0x2e0274e3a246c2884b56ae39939c0b8b0431e90718a4141c977d9f7121567fb6,1,0
2025-12-15T17:18:16.043370,0x4fa84c759429e1e976b44d89542007df621ad618,1.0,crypto,"Will Elon Musk post 120-139 tweets from December 12 to December 19, 2025?",elon-musk-of-tweets-december-12-december-19-120-139,0x04a965e2ef6d9fb85eeacc5200eaab107f37d683a2d0c0658a76a4054071486e,0.9979999999659682,0.9979999999659682,0.0,20040.080159,19999.999998000003,5.0,0x09d6eb31bedfc7898b7f39de4fa19439c4e8e56ce58970664b68ca872f1d875e,1,0
2025-12-15T17:21:47.957146,0x8bd7108b2ed1faa0165264424451de842e685269,1.0,crypto,Fed increases interest rates by 25+ bps after January 2026 meeting?,fed-increases-interest-rates-by-25-bps-after-january-2026-meeting,0x7c6c69d91b21cbbea08a13d0ad51c0e96a956045aaadc77bce507c6b0475b66e,0.987,0.987,0.0,19838.18,19580.28366,5.0,0x670f780fc5d58409f427dfd8929ff2f2be8333263999348ab1238caea2ed7a31,1,0
2025-12-15T17:21:47.963181,0x9c16127eccf031df45461ef1e04b52ea286a09cb,1.0,crypto,Senators vs. Jets,nhl-ott-wpg-2025-12-16,0x40a759fbb4edcc88a34281b826503093e65d235064c666f1cffd5c573bd7f1ba,0.45,0.45,0.0,42775.74,19249.083,5.0,0x99f0d1dc709efaf8da23433de894ac5b09b448825447c787fce517d3f88f3518,1,0
2025-12-15T17:23:32.567657,0xa52b785a5510117ac3ae03d75d029f89a36c9480,1.0,crypto,Bitcoin Up or Down on December 15?,bitcoin-up-or-down-on-december-15,0x01f47521d543f3d15f06edddb04447dfa3aa82c59cd1f7c8697a9063107da92c,0.998,0.998,0.0,23742.9,23695.414200000003,5.0,0x2eeeccb85912229214111df481f6d4ad4cd8a2444ef8029c60f8dc73bc369fe4,1,0
2025-12-15T17:25:19.407808,0x4fa84c759429e1e976b44d89542007df621ad618,1.0,crypto,"Will Elon Musk post 580+ tweets from December 12 to December 19, 2025?",elon-musk-of-tweets-december-12-december-19-580plus,0x1c34f23b09af46894553ef3931239a3f27dac27be5b6d1f51bd0baf8d016a242,0.999,0.999,0.0,10010.01,9999.99999,5.0,0x01ef4bfb0fb66d58daf2bd044716141b9ad40e0bbbb0eb9681f8f61a382b7c4f,1,0
2025-12-15T17:27:03.926863,0x63274ff0dd147d2b106d4d6b21817e59418be181,1.0,elections,Will Brian Kemp win the 2028 Republican presidential nomination?,will-brian-kemp-win-the-2028-republican-presidential-nomination,0x42631e1a8c8e6389422b58b8e15b1b551892b9833651aa3bab25afab124354b5,0.987,0.987,0.0,10303.5,10169.5545,5.0,0xd329a60bce26b5520a1d91766f4f578de9a61faf760881b942a6341b4101631a,1,0
2025-12-15T17:27:03.928865,0x63274ff0dd147d2b106d4d6b21817e59418be181,1.0,elections,Will Donald Trump Jr. win the 2028 Republican presidential nomination?,will-donald-trump-jr-win-the-2028-republican-presidential-nomination,0x4a9d58d4da874e26708f5bdb014eb07a06aeebb927068d169d43831595386557,0.983,0.983,0.0,10137.8,9965.4574,5.0,0x755822d762e0fdac0c72dea8d80e3ba919ef2dba44308bb229be748fa5756b98,1,0
2025-12-15T17:27:03.930863,0x8245ea0d5a476678cb354b69e136908f0757ebed,1.0,crypto,"Will the price of Ethereum be above $2,800 on December 15?",ethereum-above-2800-on-december-15,0xdb76bc1b870da529fbd1fe8bc2d99b43ec740aadff24b426924685d885172ff9,0.999,0.999,0.0,6708.46,6701.75154,5.0,0xf4b048529c1a7cc1e80ab2168f0f89912e84c2d3010bca7e805fe884c5df29ed,1,0
2025-12-15T17:28:49.596577,0x204f72f35326db932158cba6adff0b9a1da95e14,1.0,crypto,Will Konyaspor win on 2025-12-15?,tur-fen-kon-2025-12-15-kon,0x09b076223574e9dd17827164e85659ef0e3f73edb3fdc115f34e1b6e3322a87c,0.91,0.91,0.0,7768.95,7069.7445,5.0,0xfd7d0378e19f2aefb6ac2071d96c7a8cbec07161def49e06b5caa62be1a1ac16,2,5
2025-12-15T17:29:42.463491,0x63274ff0dd147d2b106d4d6b21817e59418be181,1.0,elections,Will Kristi Noem win the 2028 Republican presidential nomination?,will-kristi-noem-win-the-2028-republican-presidential-nomination,0x5f1b1caf70eb994bfff2986727a05a3ac9f7ec8b0da4017f7732596d023e5a07,0.994,0.994,0.0,10000,9940.0,5.0,0x202ffa7ce82263b8b9bfd6254ff407816b55151f5733062d519cb152f1b48dcb,1,0
2025-12-15T17:29:42.465481,0x9c16127eccf031df45461ef1e04b52ea286a09cb,1.0,sports,Spread: Heat (-5.5),nba-tor-mia-2025-12-15-spread-home-5pt5,0x1acfbdcc52309bcdeaeeb2cb7cab9535ac8c96f07bad565a4826708219358694,0.48,0.48,0.0,17669.5,8481.36,5.0,0xeaec80b6634eddfa54c5187fa389885d850ac383e1270bf81a2218746c544605,1,0
2025-12-15T17:29:42.467495,0x63274ff0dd147d2b106d4d6b21817e59418be181,1.0,elections,Will Katie Britt win the 2028 Republican presidential nomination?,will-katie-britt-win-the-2028-republican-presidential-nomination,0x61a1278884fa70d68d4bcaaf72fad55bbdb063cac28c6947472ca91635fab10f,0.994,0.994,0.0,19038.08,18923.85152,5.0,0x4879fe86be7ba364b3777e9f3edb4952591849a309ede055b860cd3b25e1f2b7,1,0
2025-12-15T17:30:35.269423,0xf20986f7c6b8e3ea603a7bb33797d5ba982597e1,1.0,crypto,Will Manchester United FC win on 2025-12-15?,epl-mun-bou-2025-12-15-mun,0x9c27e486e85b10f45a7775ab3e5b83efdd35a511866efadf74fbc1f2dbc9aee1,0.5499999999917466,0.5499999999917466,0.0,36349.072726,19991.989998999998,5.0,0xbba708b43562542d2d1c9d7c3e303c579ac5191e7a7363053b5b5cc88d455538,1,0
2025-12-15T17:30:35.271422,0x63274ff0dd147d2b106d4d6b21817e59418be181,1.0,elections,Will Mike Pence win the 2028 Republican presidential nomination?,will-mike-pence-win-the-2028-republican-presidential-nomination,0x41c6341dd79903aca4bb0c29f5a7976946c3774d2fd72f38cbb7de7092144520,0.995,0.995,0.0,28400,28258.0,5.0,0xf7ab319455f9f3f15723efc244d11affb1a1ffcdcdf5778e6f2ccb3bff36c11d,1,0
2025-12-15T17:30:35.273422,0x55a3696bc0d540bd352a35fa86744db38afde00b,1.0,crypto,Bank of Japan increases interest rates by 25 bps after December 2025 meeting?,bank-of-japan-increases-interest-rates-by-25-bps-after-december-2025-meeting,0x8c204cf57406ba2f01099643569c6d3c7e934972148b86c6e2f19078937d9e71,0.9952707025079375,0.9952707025079375,0.0,34253.304063,34091.309998000004,5.0,0xae4e194079ee989ba20769627c1ebcf8a7ffb1dc0ddf1b25b72a1a4b3c87b26e,1,0
2025-12-15T17:32:19.298959,0xf20986f7c6b8e3ea603a7bb33797d5ba982597e1,1.0,crypto,Will Manchester United FC vs. AFC Bournemouth end in a draw?,epl-mun-bou-2025-12-15-draw,0xc6cb468d25e4af1294881fe487852e9817c07eb507ed4647b4ae76d247ee499b,0.23280416550528402,0.23280416550528402,0.0,77318.204165,17999.999999,5.0,0xd7e99b2471d63e5938e538f4db7195bcb1161903bb879b722fc205ecd6ac0b85,1,0
2025-12-15T17:32:19.309941,0xe60a9b0be459d9849bc2339dac20517639ae6a47,1.0,crypto,Will Manchester United FC win on 2025-12-15?,epl-mun-bou-2025-12-15-mun,0x9c27e486e85b10f45a7775ab3e5b83efdd35a511866efadf74fbc1f2dbc9aee1,0.55,0.55,0.0,16373,9005.150000000001,5.0,0x816e1411d51d47d9e3945ff280320beb9dacf332f463f93961fb43de92166860,1,0
2025-12-15T17:34:06.336721,0x8c23f3209c7cbf6e7c4492ce8f648989aa6f0765,1.0,crypto,"Will the price of Bitcoin be above $90,000 on December 15?",bitcoin-above-90k-on-december-15,0x6dd02abc36b9e33a7fb57ec3a4f28b02c5fa69fc262bc14138eed9396c53c382,0.9989999999651032,0.9989999999651032,0.0,9857.657656,9847.799997999999,5.0,0xd96879dd7cbe58fde0f2fd4fefaae50f86c5611ca6c4fab6cfb41df3d70740ee,1,0
2025-12-15T17:34:58.123730,0x1fad9860ab0d21c8668a13accf25d6eb3c11b5b2,1.0,elections,Will Tim Walz win the 2028 US Presidential Election?,will-tim-walz-win-the-2028-us-presidential-election,0xae70ab9bf1c3726fe430a2ba8b517697ae24e0f0ab554b876a5b521153068882,0.993,0.993,0.0,50000,49650.0,5.0,0x1668ec5f023fc534f22e5b07a71b6e66afdcdcde9fa926c31445d89cec686cbd,1,0
2025-12-15T17:34:58.130736,0x1fad9860ab0d21c8668a13accf25d6eb3c11b5b2,1.0,elections,Will Tulsi Gabbard win the 2028 US Presidential Election?,will-tulsi-gabbard-win-the-2028-us-presidential-election,0x8fc141205ebce5adf437bfdf4d0c5ff58ff24293b79c9431991346c208bb48ed,0.993,0.993,0.0,80000,79440.0,5.0,0x11acb0b0ca59dd2e6608e68fe4d85f099c7694b2b31e59d0d38c78030ac82cc3,1,0
2025-12-15T17:35:50.294939,0x1fad9860ab0d21c8668a13accf25d6eb3c11b5b2,1.0,elections,Will Vivek Ramaswamy win the 2028 US Presidential Election?,will-vivek-ramaswamy-win-the-2028-us-presidential-election,0x64396449b471b10b006285fa49dd9a5df535694de7b4c703fdeb0d88d5c4cd33,0.991,0.991,0.0,49200,48757.2,5.0,0x058da8c3c5ba697f5e6ae5265d3147ee772b341b8e42bf04c8523954adbeff2b,1,0
2025-12-15T17:35:50.300938,0x6f2628a8ac6e3f7bd857657d5316c33822ced136,1.0,crypto,"Will Bitcoin reach $95,000 by December 31, 2025?",will-bitcoin-reach-95000-by-december-31-2025-818-596-821-318-841,0xe1efac87d70a9556b222624def73e3d7adc7b4513c781867c6c7aa105ff1d9b5,0.7241507554374895,0.7241507554374895,0.0,12046,8723.119999999999,5.0,0xf7df7bf3eae61691fceaa91b8b7607a9e8a8e5a2e6090dd2fd8d66f38f628a88,2,5
2025-12-15T17:37:36.151932,0xd76930596edbb8c784dcc48f52140875bcd4f90c,1.0,crypto,"Will Bitcoin dip to $86,000 December 15-21?",will-bitcoin-dip-to-86k-december-15-21,0x5c8ae92ee6f040db357a09e7646ebd84547dd8deb4bda38e244423052f3ff67a,0.91,0.91,0.0,10000,9100.0,5.0,0x68318fdc5be3937d19539ea2dc5f38d31e737a85dffba699008aca2931799c07,1,0
2025-12-15T17:38:30.181426,0xcc901db037cbe07fa2b6ed261454a35df2f700ae,1.0,crypto,"Bitcoin Up or Down - December 15, 11:45AM-12:00PM ET",btc-updown-15m-1765817100,0x2a5b67311e621bae2e0eb1b48851bb969427785c2332d9201848de1592138f86,0.5329195507559396,0.5329195507559396,0.0,11575,6168.5438,5.0,0xe1a391028fbc444552cc6d8696b2bc8d245eeca033c0af0e2cdc808f58b23a83,1,0
2025-12-15T17:39:21.834880,0xd76930596edbb8c784dcc48f52140875bcd4f90c,1.0,crypto,"Will Bitcoin dip to $86,000 December 15-21?",will-bitcoin-dip-to-86k-december-15-21,0x5c8ae92ee6f040db357a09e7646ebd84547dd8deb4bda38e244423052f3ff67a,0.9399893014581383,0.9399893014581383,0.0,10010.71,9409.960299999999,5.0,0xbb6744f21c5f2bfdb0c5c79de87b7a141eff5121b6bb6c7281ea50e4ab782465,1,0
2025-12-15T17:39:21.838879,0x7d0a771ddd2c63255013a1efb5f0e42659b38c6c,1.0,crypto,Israel and Saudi Arabia normalize relations in 2025?,israel-and-saudi-arabia-normalize-relations-in-2025,0x8e5dd56e494bac55a67a36b7044cefd95dfe7bf8c893f7d82a58c9681990100d,0.993,0.993,0.0,14832.87,14729.039910000001,5.0,0xa792ff92f58e378cdd63134459e395919f5285614b13c0dec85b7c9bac06ad53,1,0
2025-12-15T17:41:06.360341,0x1fd2cf88897aef0f308785ac880b9d72b12cb7f8,1.0,crypto,Over $100M committed to the Gensyn public sale?,over-100m-committed-to-the-gensyn-public-sale-758-871-127,0xcefb82274624ef19307f9dcfeb7129a43f79c27276d07a802f966eba852bbd5d,0.8799929471970751,0.8799929471970751,0.0,7089.38,6238.6044,5.0,0xc2f4e88174ed2edec40ea6aa056397aa677e0e315b17dad73afe59075e918727,1,0
2025-12-15T17:46:20.646796,0xf6573f96e6496178a5393ab73be13c57051b108e,1.0,crypto,"Russia x Ukraine ceasefire by January 31, 2026?",russia-x-ukraine-ceasefire-by-january-31-2026,0xb8c1bd306a8a4cedfb280e114e655c5092b3f37edccae05cd877d7f21a5774ce,0.1200142199120514,0.1200142199120514,0.0,62492.594665,7499.999999,5.0,0x80bd8afe7b6c82c3153755a90c2783113672801662e8ce7eeb34eebb3cac8b28,1,0
2025-12-15T17:46:20.652848,0x7c3db723f1d4d8cb9c550095203b686cb11e5c6b,1.0,crypto,Russia x Ukraine ceasefire in 2025?,russia-x-ukraine-ceasefire-in-2025,0x8ee2f1640386310eb5e7ffa596ba9335f2d324e303d21b0dfea6998874445791,0.9496525189026878,0.9496525189026878,0.0,9045.01,8589.61653,5.0,0x65fa108402b6317df10e11da8cb19546c81fb19ec8e6bf0524c34e1e3645623f,1,0
2025-12-15T17:48:05.147835,0xdf362db3cc0d7a095a99a7782de42779dfb36176,1.0,crypto,Will the price of Solana be between $120 and $130 on December 15?,will-the-price-of-solana-be-between-120-130-on-december-15,0x2febdf8cec1b44a1a10c9ee03aa1e60da5f4354bf5d7723816039b8bcaf6b839,0.9965,0.9965,0.0,6580,6556.97,5.0,0xfaa202f2eb029063e3c5a9cc06e0ab46263efdd6fdd54821927817a52131a7ca,2,5
2025-12-15T17:53:18.119483,0x8245ea0d5a476678cb354b69e136908f0757ebed,1.0,crypto,"Will the price of Bitcoin be above $84,000 on December 15?",bitcoin-above-84k-on-december-15,0x62923efe4e2e45e128bffbf82ad8835248565a16c8f4c024776de4b8a6ad39bb,0.999,0.999,0.0,49500.25,49450.74975,5.0,0x4ced31e93fd15328dbc66cd13718742e09f669cb7f678e5f5280e24e584a96f4,1,0
2025-12-15T17:58:33.913027,0x6e2c3937e6dd094a3a9f814ecbdc289d3fd5b7f8,1.0,crypto,"Will the price of Bitcoin be above $88,000 on December 15?",bitcoin-above-88k-on-december-15,0x7e513cca6970f36ae60839ab77c3ad918d4c6e9877a6a43da3e0b12b5a3fddfe,0.999,0.999,0.0,6125,6118.875,5.0,0x8219e439dce412d4dd4608e33e8d7be89028bf8418b6db7215b08effd30e8e17,1,0
2025-12-15T17:58:33.923022,0x69a907e47a019918c8fe07ce35a2e15c6f97e082,1.0,crypto,"Will the price of Bitcoin be above $86,000 on December 15?",bitcoin-above-86k-on-december-15,0x9f4683fa77f1ef8813bc4267ff6a4880af7c2ccdd87d85c5f7837a19cb4fff17,0.9929057316708806,0.9929057316708806,0.0,10931.158,10853.609432,5.0,0x292208d03077f790cf3ad37acd47d2033dd15985b144a4ffa9e08ece008b16f9,1,0
2025-12-15T18:00:17.804750,0xe30610ef84a66319c1bdd239c56ae31cfc3ab0ac,1.0,crypto,"Will the price of Bitcoin be above $86,000 on December 15?",bitcoin-above-86k-on-december-15,0x9f4683fa77f1ef8813bc4267ff6a4880af7c2ccdd87d85c5f7837a19cb4fff17,0.9984053375,0.9984053375,0.0,12000,11980.86405,5.0,0xb621e5c29160d8f8a9aeee27c3762896a2be33a601de2034f8268d25f0e1e9fc,1,0
2025-12-15T18:02:54.232367,0xe60a9b0be459d9849bc2339dac20517639ae6a47,1.0,crypto,Will Manchester United FC win on 2025-12-15?,epl-mun-bou-2025-12-15-mun,0x9c27e486e85b10f45a7775ab3e5b83efdd35a511866efadf74fbc1f2dbc9aee1,0.55,0.55,0.0,12068,6637.400000000001,5.0,0x696a2c2170115cafc186d3b2ab50291c0d471ad11de23c5bb99a1b59eb0d608a,1,0
2025-12-15T18:03:55.245660,0xf1ffa0a8bc7cdeb0240027e623b026ced4d0e56a,1.0,crypto,Panthers vs. Lightning,nhl-fla-tb-2025-12-16,0x1348043fb69e0b8325db53d3254868c83d053a6c9c7e117344558019183450ba,0.46,0.46,0.0,21141.25,9724.975,5.0,0x9bf8dd410e7434ae562faa39b4cf389692a9e434781c22c4b9d39fd7e53d9a90,1,0
2025-12-15T18:05:32.206739,0xe90bec87d9ef430f27f9dcfe72c34b76967d5da2,1.0,crypto,Panthers vs. Lightning,nhl-fla-tb-2025-12-16,0x1348043fb69e0b8325db53d3254868c83d053a6c9c7e117344558019183450ba,0.54,0.54,0.0,40000,21600.0,5.0,0x09ed5316abbe59e5feb9f5e2678eaf87fcc150c111884070c5cccc1226598421,1,0
2025-12-15T18:05:32.207740,0x1455445e9a775cfa3fe9fc4b02bb4d2f682ae5cd,1.0,sports,Spread: Ravens (-2.5),nfl-ne-bal-2025-12-21-spread-home-2pt5,0xb7d6857aad864aeb0a8ee7aa26d08728d8cedcd57475744a0b224c4164c78b34,0.5299834450790497,0.5299834450790497,0.0,12081,6402.73,5.0,0x405c6ca3e20eb56bba0210f868aa7b7adcff158693d8870896937a83d55e7a93,1,0
2025-12-15T18:05:32.210737,0xf1ffa0a8bc7cdeb0240027e623b026ced4d0e56a,1.0,crypto,Panthers vs. Lightning,nhl-fla-tb-2025-12-16,0x1348043fb69e0b8325db53d3254868c83d053a6c9c7e117344558019183450ba,0.46,0.46,0.0,70399.59,32383.8114,5.0,0x4d292ca3af9213a2c13b3837a7509f6b0fa4463a0ca3b134a3da3617cc892202,1,0
2025-12-15T18:07:16.480546,0x71a70f24538d885d1b45f9cea158a2cdf2e56fcf,1.0,crypto,"Will the price of Bitcoin be above $84,000 on December 16?",bitcoin-above-84k-on-december-16,0x998147e27d00fe6a26b1ca1b9ef12fde4ad6b2d56ae96ac330904168038e9ca1,0.7999906548460853,0.7999906548460853,0.0,9630.66,7704.438,5.0,0xec4d46aa79a62afca949e6829a0a7a080721e6ac4f30c7f15b39b0c8abf4cc96,2,5
2025-12-15T18:09:01.406538,0x241f846866c2de4fb67cdb0ca6b963d85e56ef50,1.0,crypto,Fed increases interest rates by 25+ bps after January 2026 meeting?,fed-increases-interest-rates-by-25-bps-after-january-2026-meeting,0x7c6c69d91b21cbbea08a13d0ad51c0e96a956045aaadc77bce507c6b0475b66e,0.987,0.987,0.0,14200,14015.4,5.0,0x437f2b10b5cb764b585b151a894d85cf9225426f3462fabca19073281bb03315,1,0
2025-12-15T18:09:01.419471,0x241f846866c2de4fb67cdb0ca6b963d85e56ef50,1.0,crypto,Fed increases interest rates by 25+ bps after January 2026 meeting?,fed-increases-interest-rates-by-25-bps-after-january-2026-meeting,0x7c6c69d91b21cbbea08a13d0ad51c0e96a956045aaadc77bce507c6b0475b66e,0.987,0.987,0.0,14000,13818.0,5.0,0xaf6ebcc58f67c45fd8883835783f9f6b07093fc26cd54000ad0ae23cb6d15301,1,0
2025-12-15T18:10:47.453898,0x6ac5bb06a9eb05641fd5e82640268b92f3ab4b6e,1.0,sports,Spurs vs. Knicks,nba-sas-nyk-2025-12-16,0xc56c5506c20294b2d6a92a955936832b204265af93dabcdfd480d4968015662a,0.55,0.55,0.0,23108.21,12709.515500000001,5.0,0x1851f62d1f44dae23060d21732d6c48fe6c530924945573ab9a3d5d850c4d9a1,1,0
2025-12-15T18:10:47.455897,0x1d1ade627d0bb0205758580b20d808573e720df6,1.0,sports,Spread: Ravens (-2.5),nfl-ne-bal-2025-12-21-spread-home-2pt5,0xb7d6857aad864aeb0a8ee7aa26d08728d8cedcd57475744a0b224c4164c78b34,0.5399923408270682,0.5399923408270682,0.0,32640.6,17625.674,5.0,0xc1dd10122126b4c604cbf75895d7f748eeee3e15eb092814bbfbdce98a3c679c,1,0
2025-12-15T18:10:49.565602,0x241f846866c2de4fb67cdb0ca6b963d85e56ef50,1.0,crypto,Fed increases interest rates by 25+ bps after January 2026 meeting?,fed-increases-interest-rates-by-25-bps-after-january-2026-meeting,0x7c6c69d91b21cbbea08a13d0ad51c0e96a956045aaadc77bce507c6b0475b66e,0.987,0.987,0.0,9300,9179.1,5.0,0xf333c8d0eac5d85397b4692568c1ca341ac0a9f4a60f09771c52a31276208df5,1,0
2025-12-15T18:12:33.731276,0xf1ffa0a8bc7cdeb0240027e623b026ced4d0e56a,1.0,crypto,Senators vs. Jets,nhl-ott-wpg-2025-12-16,0x40a759fbb4edcc88a34281b826503093e65d235064c666f1cffd5c573bd7f1ba,0.46,0.46,0.0,14369.71,6610.0666,5.0,0xbcd06cf2884c86e548535851f5839ab4f218279df3a0ebdfd483e069142cf0a5,1,0
2025-12-15T18:16:02.986244,0x84cb17a50bc2487e8d64029783c3d2abcba328ad,1.0,crypto,Manchester United FC vs. AFC Bournemouth: O/U 3.5,epl-mun-bou-2025-12-15-total-3pt5,0x21aa042be2f2b6b60f745615cb33aabf56c7cd9b93e5f2497cbfa92b53651ab2,0.5877794473659207,0.5877794473659207,0.0,20790.99576,12220.519998000002,5.0,0xa387cda4c6d0ba80c66bc7bab91587c236e8c23b4f88f45a1d7d9ba20be0d634,1,0
2025-12-15T18:16:02.988244,0xe90bec87d9ef430f27f9dcfe72c34b76967d5da2,1.0,crypto,Ducks vs. Rangers,nhl-ana-nyr-2025-12-16,0x37d2e8bf72ff09391051a1a9105176d41bb0b3d8b1587b9666d3a9e62443fed7,0.47,0.47,0.0,36895.59,17340.927299999996,5.0,0xc638943b56f146dd254239058c396e0c96811f193113d4794c3ec73b36ef488e,1,0
2025-12-15T18:17:47.431597,0x1117eade222413335b7ec959e5b48c1d3dbc3532,1.0,crypto,Senators vs. Jets,nhl-ott-wpg-2025-12-16,0x40a759fbb4edcc88a34281b826503093e65d235064c666f1cffd5c573bd7f1ba,0.54,0.54,0.0,14580.99,7873.734600000001,5.0,0x69e547a64ba3e8fa046211ab6c5141bad6b2e98a5fa9dd6b7d942382c1b92ddf,1,0
2025-12-15T18:23:02.282877,0x8415a40b959698858bbb8e7cdd33540356087eb0,1.0,crypto,"Will Elon Musk post 360-379 tweets from December 9 to December 16, 2025?",elon-musk-of-tweets-december-9-december-16-360-379,0x9fcda0c6fbede095f7709e0aeb0f4176123c8bbf990192c24fbb564e1216ec34,0.999,0.999,0.0,8952.462,8943.509538,5.0,0x3435770c5fb170a5e158d54899166bb039eca4102c201c3c9236983bf23edd3a,1,0
2025-12-15T18:24:47.308554,0x241f846866c2de4fb67cdb0ca6b963d85e56ef50,1.0,crypto,Fed increases interest rates by 25+ bps after January 2026 meeting?,fed-increases-interest-rates-by-25-bps-after-january-2026-meeting,0x7c6c69d91b21cbbea08a13d0ad51c0e96a956045aaadc77bce507c6b0475b66e,0.987,0.987,0.0,9800,9672.6,5.0,0x0d6a2a73f07f0f64bb90c750f4fd2f24c1c596e6cf2d3a4450b95a8f9d8c9240,1,0
2025-12-15T18:24:47.313557,0x241f846866c2de4fb67cdb0ca6b963d85e56ef50,1.0,crypto,Fed increases interest rates by 25+ bps after January 2026 meeting?,fed-increases-interest-rates-by-25-bps-after-january-2026-meeting,0x7c6c69d91b21cbbea08a13d0ad51c0e96a956045aaadc77bce507c6b0475b66e,0.987,0.987,0.0,9900,9771.3,5.0,0x35a0630c645c967396af85a919b9e9e5081f0f67d2e730a5a4bcfb33beaae2a5,1,0
2025-12-15T18:26:30.220760,0x6702ea47742277175210ccbc40418ddaf8392539,1.0,crypto,"Will Bitcoin dip to $70,000 by December 31, 2025?",will-bitcoin-dip-to-70000-by-december-31-2025-193-726-878-775-359-968-264-727-793-714-257-318-569-865-147,0x0aeb566c973d193ef7f77d2532ba6bffe4f76d5f6b7c5422ceaa966536b7ef90,0.93496649875,0.93496649875,0.0,16000,14959.46398,5.0,0xe12a946d2cc341aec3ef34e1b9ad1ab73efa35f7fec87507abcb7eb32db9fa4e,1,0
2025-12-15T18:28:14.118017,0x4d0e9b029700163625c551a0073636f3dc5ec45b,1.0,crypto,Will Germany participate in Eurovision 2026?,will-germany-participate-in-eurovision-2026,0x03e307648afe7dd414a6b1ad798d76c244a5cc2a9d158f81e6680b2a4ac88ff7,0.999,0.999,0.0,12376,12363.624,5.0,0x8ee538f0c553e5605e5d39e25265b2197c7d04b619ec93d14eeb059d98d16c0d,1,0
2025-12-15T18:29:59.386290,0x1455445e9a775cfa3fe9fc4b02bb4d2f682ae5cd,1.0,sports,Spread: Buccaneers (-2.5),nfl-tb-car-2025-12-21-spread-away-2pt5,0x28a1d625f3a8138a88cf019492ff6d6830f6d04144815f323cfa3eb17e329c2a,0.55,0.55,0.0,17181,9449.550000000001,5.0,0xe0f95a6f957bb719296e58ce07483ccb5db910ab77201c838376d6a05a238fe4,1,0
2025-12-15T18:29:59.387289,0x1455445e9a775cfa3fe9fc4b02bb4d2f682ae5cd,1.0,sports,Spread: Ravens (-2.5),nfl-ne-bal-2025-12-21-spread-home-2pt5,0xb7d6857aad864aeb0a8ee7aa26d08728d8cedcd57475744a0b224c4164c78b34,0.55,0.55,0.0,14983,8240.650000000001,5.0,0xc32a054fc03236d25a5ad9f95ba960a62999079229d72dee80a7c84ac5678f9d,1,0
